"[('Biodegradation', 'NN'), ('was', 'VBD'), ('evaluated', 'VBN'), ('by', 'IN'), ('soil', 'NN'), ('burial', 'NN'), ('and', 'CC'), ('accelerated', 'VBD'), ('weathering', 'NN'), ('tests', 'NNS')]",32079111,2020,King Mongkut's University of Technology North Bangkok,Polymers,"Accelerated Weathering and Soil Burial Effect on Biodegradability, Colour and Textureof Coir/Pineapple Leaf Fibres/PLA Biocomposites.", Biodegradation was evaluated by soil burial and accelerated weathering tests,"Biodegradation, accelerated, tests",,,
"[('GSCs', 'NNP'), ('and', 'CC'), ('HSCs', 'NNP'), ('express', 'VBP'), ('the', 'DT'), ('receptor', 'NN'), ('C-X-C', 'NNP'), ('receptor', 'NN'), ('type', 'NN'), ('4', 'CD'), ('(', '('), ('CXCR4', 'NNP'), (')', ')'), (',', ','), ('which', 'WDT'), ('binds', 'VBZ'), ('to', 'TO'), ('the', 'DT'), ('chemoattractant', 'JJ'), ('stromal-derived', 'JJ'), ('factor-1alpha', 'NN'), ('(', '('), ('SDF-1alpha', 'NNP'), (')', ')'), (',', ','), ('which', 'WDT'), ('is', 'VBZ'), ('highly', 'RB'), ('expressed', 'VBN'), ('in', 'IN'), ('GSC', 'NNP'), ('niches', 'NNS'), ('in', 'IN'), ('glioblastoma', 'NN'), ('and', 'CC'), ('HSC', 'NNP'), ('niches', 'NNS'), ('in', 'IN'), ('bone', 'NN'), ('marrow', 'NN')]",32079173,2020,National Institute of Biology,Biology,CXCR4 Antagonists as Stem Cell Mobilizers and Therapy Sensitizers for Acute Myeloid Leukemia and Glioblastoma?," GSCs and HSCs express the receptor C-X-C receptor type 4 (CXCR4), which binds to the chemoattractant stromal-derived factor-1alpha (SDF-1alpha), which is highly expressed in GSC niches in glioblastoma and HSC niches in bone marrow","CXCR4, binds, factor-1alpha",,,
"[('DAC', 'NNP'), ('was', 'VBD'), ('found', 'VBN'), ('to', 'TO'), ('profoundly', 'RB'), ('enhance', 'VB'), ('the', 'DT'), ('therapeutic', 'JJ'), ('efficacy', 'NN'), ('of', 'IN'), ('PD-L1', 'NNP'), ('immunotherapy', 'NN'), ('to', 'TO'), ('inhibit', 'VB'), ('tumor', 'JJ'), ('growth', 'NN'), ('and', 'CC'), ('prolong', 'JJ'), ('survival', 'NN'), ('in', 'IN'), ('vivo', 'NN')]",32079180,2020,China Medical University Hospital,Cancers,Decitabine Augments Chemotherapy-Induced PD-L1 Upregulation for PD-L1 Blockade in Colorectal Cancer., DAC was found to profoundly enhance the therapeutic efficacy of PD-L1 immunotherapy to inhibit tumor growth and prolong survival in vivo,"efficacy, inhibit, growth","efficacy, inhibit, survival",,
"[('mCRAMP', 'NN'), ('protected', 'VBN'), ('against', 'IN'), ('the', 'DT'), ('pressure', 'NN'), ('overload-induced', 'JJ'), ('cardiac', 'JJ'), ('remodeling', 'VBG'), ('process', 'NN'), (',', ','), ('while', 'IN'), ('CRAMP', 'NNP'), ('knockdown', 'RB'), ('accelerated', 'VBD'), ('this', 'DT'), ('process', 'NN')]",32029708,2020,the First Afliated Hospital of Zhengzhou University,Cell death & disease,A cathelicidin-related antimicrobial peptide suppresses cardiac hypertrophy induced by pressure overload by regulating IGFR1/PI3K/AKT and TLR9/AMPKalpha.," mCRAMP protected against the pressure overload-induced cardiac remodeling process, while CRAMP knockdown accelerated this process","CRAMP, accelerated, process",,,
"[('mCRAMP', 'NN'), ('inhibited', 'VBD'), ('the', 'DT'), ('angiotensin', 'JJ'), ('II-stimulated', 'NNP'), ('hypertrophic', 'JJ'), ('response', 'NN'), ('and', 'CC'), ('oxidative', 'JJ'), ('stress', 'NN'), ('in', 'IN'), ('neonatal', 'JJ'), ('rat', 'NN'), ('cardiomyocytes', 'NNS'), (',', ','), ('but', 'CC'), ('mCRAMP', 'RB'), ('did', 'VBD'), ('not', 'RB'), ('help', 'VB'), ('the', 'DT'), ('angiotensin', 'JJ'), ('II-induced', 'NNP'), ('inflammatory', 'NN'), ('response', 'NN'), ('and', 'CC'), ('oxidative', 'JJ'), ('stress', 'NN'), ('in', 'IN'), ('endothelial', 'JJ'), ('cells', 'NNS')]",32029708,2020,the First Afliated Hospital of Zhengzhou University,Cell death & disease,A cathelicidin-related antimicrobial peptide suppresses cardiac hypertrophy induced by pressure overload by regulating IGFR1/PI3K/AKT and TLR9/AMPKalpha.," mCRAMP inhibited the angiotensin II-stimulated hypertrophic response and oxidative stress in neonatal rat cardiomyocytes, but mCRAMP did not help the angiotensin II-induced inflammatory response and oxidative stress in endothelial cells","mCRAMP, inhibited, response","mCRAMP, inhibited, oxidative stress",,
"[('In', 'IN'), ('addition', 'NN'), ('to', 'TO'), ('being', 'VBG'), ('a', 'DT'), ('simple', 'NN'), ('and', 'CC'), ('effective', 'JJ'), ('route', 'NN'), ('to', 'TO'), ('a', 'DT'), ('broad', 'JJ'), ('range', 'NN'), ('of', 'IN'), ('rotaxanes', 'NNS'), (',', ','), ('the', 'DT'), ('strategy', 'NN'), ('enables', 'VBZ'), ('1:1', 'CD'), ('interactions', 'NNS'), ('of', 'IN'), ('crown', 'JJ'), ('ethers', 'NNS'), ('with', 'IN'), ('various', 'JJ'), ('functional', 'JJ'), ('groups', 'NNS'), ('to', 'TO'), ('be', 'VB'), ('characterized', 'VBN'), ('in', 'IN'), ('solution', 'NN'), ('and', 'CC'), ('the', 'DT'), ('solid', 'JJ'), ('state', 'NN'), (',', ','), ('several', 'JJ'), ('of', 'IN'), ('which', 'WDT'), ('are', 'VBP'), ('too', 'RB'), ('weak', 'JJ'), ('-', ':'), ('or', 'CC'), ('are', 'VBP'), ('disfavored', 'VBN'), ('compared', 'VBN'), ('to', 'TO'), ('other', 'JJ'), ('binding', 'VBG'), ('modes', 'NNS'), ('-', ':'), ('to', 'TO'), ('be', 'VB'), ('observed', 'VBN'), ('in', 'IN'), ('typical', 'JJ'), ('host-guest', 'NN'), ('complexes', 'NNS')]",32029725,2020,University of Manchester,Nature communications,Weak functional group interactions revealed through metal-free active template rotaxane synthesis.," In addition to being a simple and effective route to a broad range of rotaxanes, the strategy enables 1:1 interactions of crown ethers with various functional groups to be characterized in solution and the solid state, several of which are too weak - or are disfavored compared to other binding modes - to be observed in typical host-guest complexes","other, binding, modes",,,
"[('Indicating', 'VBG'), ('that', 'DT'), ('autophagy', 'NN'), ('plays', 'VBZ'), ('a', 'DT'), ('cytoprotective', 'JJ'), ('role', 'NN'), ('in', 'IN'), ('glioma', 'NN'), ('cell', 'NN'), ('survival', 'NN'), ('following', 'VBG'), ('irradiation', 'NN'), (',', ','), ('measures', 'VBZ'), ('inhibiting', 'VBG'), ('autophagy', 'RP'), ('flux', 'NNS'), ('at', 'IN'), ('various', 'JJ'), ('steps', 'NNS'), ('decreased', 'VBD'), ('their', 'PRP$'), ('clonogenic', 'JJ'), ('survival', 'NN'), ('of', 'IN'), ('irradiated', 'JJ'), ('GL261', 'NNP'), ('as', 'RB'), ('well', 'RB'), ('as', 'IN'), ('SF295', 'NNP'), ('and', 'CC'), ('U251', 'NNP'), ('glioma', 'NN'), ('cells', 'NNS')]",32029749,2020,University of Ulsan College of Medicine,Scientific reports,A role of metallothionein-3 in radiation-induced autophagy in glioma cells.," Indicating that autophagy plays a cytoprotective role in glioma cell survival following irradiation, measures inhibiting autophagy flux at various steps decreased their clonogenic survival of irradiated GL261 as well as SF295 and U251 glioma cells","irradiation, inhibiting, flux",,,
"[('This', 'DT'), ('study', 'NN'), ('demonstrated', 'VBD'), ('that', 'IN'), ('GSJD', 'NNP'), ('might', 'MD'), ('play', 'VB'), ('a', 'DT'), ('renoprotective', 'JJ'), ('role', 'NN'), ('by', 'IN'), ('inhibiting', 'VBG'), ('apoptosis', 'NN'), ('and', 'CC'), ('regulating', 'VBG'), ('the', 'DT'), ('mitochondrial', 'JJ'), ('apoptotic', 'JJ'), ('and', 'CC'), ('Akt', 'NNP'), ('pathways', 'NNS'), ('during', 'IN'), ('pathological', 'JJ'), ('changes', 'NNS'), ('in', 'IN'), ('DN', 'NNP')]",32029775,2020,Capital Medical University,Scientific reports,Renoprotective effects of Gushen Jiedu capsule on diabetic nephropathy in rats., This study demonstrated that GSJD might play a renoprotective role by inhibiting apoptosis and regulating the mitochondrial apoptotic and Akt pathways during pathological changes in DN,"role, inhibiting, apoptosis",,,
"[('Chlorogenic', 'JJ'), ('acid', 'NN'), ('is', 'VBZ'), ('one', 'CD'), ('of', 'IN'), ('the', 'DT'), ('representatives', 'NNS'), ('that', 'WDT'), ('has', 'VBZ'), ('been', 'VBN'), ('proven', 'VBN'), ('to', 'TO'), ('have', 'VB'), ('the', 'DT'), ('potential', 'JJ'), ('to', 'TO'), ('inhibit', 'VB'), ('both', 'DT'), ('the', 'DT'), ('influenza', 'NN'), ('virus', 'NN'), ('and', 'CC'), ('Streptococcus', 'NNP'), ('pneumoniae', 'NN')]",32028720,2020,Jilin Engineering Normal University,International journal of molecular sciences,Exploration of Binding Mechanism of a Potential Streptococcus pneumoniae Neuraminidase Inhibitor from Herbaceous Plants by Molecular Simulation., Chlorogenic acid is one of the representatives that has been proven to have the potential to inhibit both the influenza virus and Streptococcus pneumoniae,"potential, inhibit, virus","the potential, to inhibit, Streptococcus pneumoniae",,
"[('In', 'IN'), ('the', 'DT'), ('current', 'JJ'), ('study', 'NN'), (',', ','), ('the', 'DT'), ('binding', 'VBG'), ('mechanism', 'NN'), ('of', 'IN'), ('chlorogenic', 'JJ'), ('acid', 'NN'), ('and', 'CC'), ('Streptococcus', 'NNP'), ('pneumoniae', 'VBP'), ('neuraminidase', 'NN'), ('were', 'VBD'), ('investigated', 'VBN'), ('by', 'IN'), ('molecular', 'JJ'), ('simulation', 'NN')]",32028720,2020,Jilin Engineering Normal University,International journal of molecular sciences,Exploration of Binding Mechanism of a Potential Streptococcus pneumoniae Neuraminidase Inhibitor from Herbaceous Plants by Molecular Simulation.," In the current study, the binding mechanism of chlorogenic acid and Streptococcus pneumoniae neuraminidase were investigated by molecular simulation","mechanism, binding, acid","mechanism, binding, neuraminidase",,
"[('Antibodies', 'NNS'), ('that', 'WDT'), ('inhibit', 'VBP'), ('the', 'DT'), ('function', 'NN'), ('of', 'IN'), ('PD-1', 'NNP'), (',', ','), ('PD-L1', 'NNP'), (',', ','), ('and', 'CC'), ('CTLA4', 'NNP'), ('increase', 'VB'), ('the', 'DT'), ('tumor', 'NN'), ('immune', 'JJ'), ('response', 'NN'), ('and', 'CC'), ('suppress', 'JJ'), ('tumor', 'NN'), ('growth', 'NN')]",32028750,2020,Kanto Rosai Hospital.,Hinyokika kiyo. Acta urologica Japonica,[Renal Cancer Tissue after Nivolumab/Ipilimumab Combination Therapy for Metastatic Renal Cell Carcinoma].,"Antibodies that inhibit the function of PD-1, PD-L1, and CTLA4 increase the tumor immune response and suppress tumor growth","Antibodies, inhibit, function",,,
"[('Tetramercaptotetrathiacalix', 'NNP'), ('[', 'VBD'), ('4', 'CD'), (']', 'JJ'), ('arene', 'NN'), ('(', '('), ('LH4', 'NNP'), (')', ')'), ('can', 'MD'), ('be', 'VB'), ('used', 'VBN'), ('as', 'IN'), ('a', 'DT'), ('coordination', 'NN'), ('platform', 'NN'), ('to', 'TO'), ('bind', 'VB'), ('four', 'CD'), ('Cu', 'NNP'), ('(', '('), ('I', 'PRP'), (')', ')'), ('ions', 'NNS'), ('at', 'IN'), ('the', 'DT'), ('thiolate', 'NN'), ('and', 'CC'), ('thioether', 'NN'), ('S', 'NNP'), ('atoms', 'NNS')]",32009289,2020,Humboldt-Universitat zu Berlin,Angewandte Chemie (International ed. in English),Mercaptothiacalixarenes Steer 24 Copper(I) Centers to form a Hollow-Sphere Structure Featuring Cu2 S2 Motifs with Exceptionally Short CuCu Distances.,Tetramercaptotetrathiacalix[4]arene (LH4 ) can be used as a coordination platform to bind four Cu(I) ions at the thiolate and thioether S atoms,"platform, bind, Cu",,,
"[('Western', 'JJ'), ('blotting', 'NN'), ('was', 'VBD'), ('used', 'VBN'), ('to', 'TO'), ('measure', 'VB'), ('the', 'DT'), ('levels', 'NNS'), ('of', 'IN'), ('activating', 'VBG'), ('transcription', 'NN'), ('factor', 'NN'), ('2', 'CD'), ('(', '('), ('ATF2', 'NNP'), (')', ')'), (',', ','), ('AMP-activated', 'JJ'), ('protein', 'NN'), ('kinase', 'NN'), ('(', '('), ('AMPK', 'NNP'), (')', ')'), ('and', 'CC'), ('phosph-AMPK', 'JJ'), ('(', '('), ('p-AMPK', 'JJ'), (')', ')')]",32014006,2020,First Hospital of Jilin University,Respiratory research,6'-O-galloylpaeoniflorin regulates proliferation and metastasis of non-small cell lung cancer through AMPK/miR-299-5p/ATF2 axis.," Western blotting was used to measure the levels of activating transcription factor 2 (ATF2), AMP-activated protein kinase (AMPK) and phosph-AMPK (p-AMPK)","levels, activating, factor","levels, activating, kinase","levels, activating, phosph-AMPK",
"[('RESULTS', 'NN'), (':', ':'), ('Administration', 'NN'), ('of', 'IN'), ('GPF', 'NNP'), ('(', '('), ('50', 'CD'), ('or', 'CC'), ('100', 'CD'), ('muM', 'NN'), (')', ')'), ('was', 'VBD'), ('significantly', 'RB'), ('cytotoxic', 'JJ'), ('to', 'TO'), ('A549', 'NNP'), ('cells', 'NNS'), ('and', 'CC'), ('H1299', 'NNP'), ('cells', 'NNS'), (',', ','), ('as', 'RB'), ('well', 'RB'), ('as', 'IN'), ('inhibited', 'VBN'), ('the', 'DT'), ('clonality', 'NN'), (',', ','), ('invasion', 'NN'), ('and', 'CC'), ('metastasis', 'NN'), ('of', 'IN'), ('NSCLC', 'NNP'), ('cells', 'NNS'), ('in', 'IN'), ('vitro', 'NN')]",32014006,2020,First Hospital of Jilin University,Respiratory research,6'-O-galloylpaeoniflorin regulates proliferation and metastasis of non-small cell lung cancer through AMPK/miR-299-5p/ATF2 axis.," RESULTS: Administration of GPF (50 or 100 muM) was significantly cytotoxic to A549 cells and H1299 cells, as well as inhibited the clonality, invasion and metastasis of NSCLC cells in vitro","Administration, inhibited, clonality","Administration, inhibited, invasion","Administration, inhibited, metastasis",
"[('Therefore', 'RB'), (',', ','), ('evaluating', 'VBG'), ('therapeutic', 'JJ'), ('agents', 'NNS'), ('for', 'IN'), ('their', 'PRP$'), ('ability', 'NN'), ('to', 'TO'), ('inhibit', 'VB'), ('structural', 'JJ'), ('progression', 'NN'), ('has', 'VBZ'), ('become', 'VBN'), ('increasingly', 'RB'), ('important', 'JJ'), (',', ','), ('with', 'IN'), ('radiographic', 'JJ'), ('progression', 'NN'), ('becoming', 'VBG'), ('a', 'DT'), ('key', 'JJ'), ('efficacy', 'NN'), ('outcome', 'NN'), ('in', 'IN'), ('clinical', 'JJ'), ('trials', 'NNS'), ('in', 'IN'), ('PsA', 'NNP')]",32014044,2020,Leiden University Medical Center,Arthritis research & therapy,Assessing structural damage progression in psoriatic arthritis and its role as an outcome in research.," Therefore, evaluating therapeutic agents for their ability to inhibit structural progression has become increasingly important, with radiographic progression becoming a key efficacy outcome in clinical trials in PsA","ability, inhibit, progression",,,
"[('In', 'IN'), ('addition', 'NN'), (',', ','), ('a', 'DT'), ('Weibull', 'NNP'), ('accelerated', 'VBN'), ('failure', 'NN'), ('time', 'NN'), ('hazard-based', 'JJ'), ('duration', 'NN'), ('model', 'NN'), ('is', 'VBZ'), ('developed', 'VBN'), ('to', 'TO'), ('investigate', 'VB'), ('the', 'DT'), ('impact', 'NN'), ('of', 'IN'), ('the', 'DT'), ('connected', 'VBN'), ('environment', 'NN'), ('on', 'IN'), ('safety', 'NN'), ('associated', 'VBN'), ('with', 'IN'), ('DLC', 'NNP'), ('manoeuvres', 'NNS')]",32036109,2020,The University of Queensland,Accident; analysis and prevention,Understanding the discretionary lane-changing behaviour in the connected environment.," In addition, a Weibull accelerated failure time hazard-based duration model is developed to investigate the impact of the connected environment on safety associated with DLC manoeuvres","Weibull, accelerated, model",,,
"[('Low', 'JJ'), ('concentrations', 'NNS'), ('of', 'IN'), ('NO3', 'NNP'), ('(', '('), ('-', ':'), (')', ')'), ('(', '('), ('10', 'CD'), ('and', 'CC'), ('50', 'CD'), ('mg', 'NN'), ('N', 'NNP'), ('L', 'NNP'), ('(', '('), ('-1', 'NNP'), (')', ')'), (')', ')'), ('were', 'VBD'), ('found', 'VBN'), ('to', 'TO'), ('enhance', 'VB'), ('the', 'DT'), ('TCE', 'NNP'), ('removal', 'NN'), ('rate', 'NN'), ('and', 'CC'), ('efficiency', 'NN'), (',', ','), ('whereas', 'RB'), ('high', 'JJ'), ('concentrations', 'NNS'), ('of', 'IN'), ('NO3', 'NNP'), ('(', '('), ('-', ':'), (')', ')'), ('(', '('), ('100', 'CD'), ('mg', 'NN'), ('N', 'NNP'), ('L', 'NNP'), ('(', '('), ('-1', 'NNP'), (')', ')'), (')', ')'), ('inhibited', 'VBD'), ('the', 'DT'), ('reaction', 'NN')]",32059314,2020,Ocean University of China,The Science of the total environment,"Effects of co-existing nitrate on TCE removal by mZVI under different pollution load scenarios: Kinetics, electron efficiency and mechanisms."," Low concentrations of NO3(-) (10 and 50 mg N L(-1)) were found to enhance the TCE removal rate and efficiency, whereas high concentrations of NO3(-) (100 mg N L(-1)) inhibited the reaction","concentrations, inhibited, reaction",,,
"[('The', 'DT'), ('plasma', 'NN'), ('TCONS_00016233', 'NNP'), ('was', 'VBD'), ('highly', 'RB'), ('correlated', 'VBN'), ('with', 'IN'), ('serum', 'JJ'), ('creatinine', 'NN'), (',', ','), ('tissue', 'NN'), ('inhibitor', 'NN'), ('metalloproteinase-2', 'JJ'), ('(', '('), ('TIMP-2', 'NNP'), (')', ')'), (',', ','), ('insulin-like', 'JJ'), ('growth', 'NN'), ('factor', 'NN'), ('binding', 'VBG'), ('protein-7', 'NN'), ('(', '('), ('IGFBP7', 'NNP'), (')', ')'), (',', ','), ('interleukin-1beta', 'JJ'), ('(', '('), ('IL-1beta', 'NNP'), (')', ')'), (',', ','), ('tumor', 'JJ'), ('necrosis', 'NN'), ('factor', 'NN'), ('alpha', 'NN'), ('(', '('), ('TNF-alpha', 'NNP'), (')', ')'), (',', ','), ('C-reactive', 'JJ'), ('protein', 'NN'), ('(', '('), ('CRP', 'NNP'), (')', ')'), (',', ','), ('and', 'CC'), ('urinary', 'JJ'), ('TCONS_00016233', 'NN')]",32059335,2020,Central South University,Molecular therapy. Nucleic acids,The Biomarker TCONS_00016233 Drives Septic AKI by Targeting the miR-22-3p/AIFM1 Signaling Axis.," The plasma TCONS_00016233 was highly correlated with serum creatinine, tissue inhibitor metalloproteinase-2 (TIMP-2), insulin-like growth factor binding protein-7 (IGFBP7), interleukin-1beta (IL-1beta), tumor necrosis factor alpha (TNF-alpha), C-reactive protein (CRP), and urinary TCONS_00016233","factor, binding, protein-7",,,
"[('Furthermore', 'RB'), (',', ','), ('functional', 'JJ'), ('assays', 'NNS'), ('showed', 'VBD'), ('that', 'IN'), ('SNHG16', 'NNP'), ('inhibits', 'VBZ'), ('Jurkat', 'NNP'), ('cell', 'NN'), ('apoptosis', 'NN'), ('and', 'CC'), ('promotes', 'NNS'), ('cell', 'VBP'), ('proliferation', 'NN'), ('by', 'IN'), ('sponging', 'VBG'), ('let-7c-5p', 'JJ')]",32059338,2020,The Second Affiliated Hospital of Harbin Medical University,Molecular therapy. Nucleic acids,Identification of the Regulatory Role of lncRNA SNHG16 in Myasthenia Gravis by Constructing a Competing Endogenous RNA Network.," Furthermore, functional assays showed that SNHG16 inhibits Jurkat cell apoptosis and promotes cell proliferation by sponging let-7c-5p","SNHG16, inhibits, apoptosis","SNHG16, inhibits, promotes",,
"[('It', 'PRP'), ('was', 'VBD'), ('found', 'VBN'), ('that', 'IN'), ('a', 'DT'), ('kind', 'NN'), ('of', 'IN'), ('ceramides', 'NNS'), ('analog', 'VBP'), ('synthesized', 'VBN'), ('from', 'IN'), ('phenylglycinol', 'NN'), ('could', 'MD'), ('inhibit', 'VB'), ('the', 'DT'), ('production', 'NN'), ('of', 'IN'), ('cytokine', 'JJ'), ('TNF-alpha', 'NN')]",32039186,2019,Beijing University of Chemical Technology,Frontiers in bioengineering and biotechnology,Optimization of the Lipase-Catalyzed Selective Amidation of Phenylglycinol., It was found that a kind of ceramides analog synthesized from phenylglycinol could inhibit the production of cytokine TNF-alpha,"phenylglycinol, inhibit, production",,,
"[('Since', 'IN'), ('G', 'NNP'), ('protein', 'NN'), ('coupled', 'VBD'), ('receptors', 'NNS'), ('(', '('), ('GPCRs', 'NNP'), (')', ')'), ('are', 'VBP'), ('target', 'NN'), ('of', 'IN'), ('forty', 'JJ'), ('percent', 'NN'), ('of', 'IN'), ('clinically', 'RB'), ('used', 'VBN'), ('drugs', 'NNS'), (',', ','), ('here', 'RB'), ('we', 'PRP'), ('discuss', 'VBP'), ('the', 'DT'), ('newly', 'RB'), ('identified', 'VBN'), ('cardioprotective', 'JJ'), ('agents', 'NNS'), ('that', 'WDT'), ('bind', 'VBP'), ('GPCRs', 'NNP'), ('of', 'IN'), ('adrenalin', 'NN'), (',', ','), ('adenosine', 'NN'), (',', ','), ('melatonin', 'NN'), (',', ','), ('ghrelin', 'NN'), (',', ','), ('galanin', 'NN'), (',', ','), ('apelin', 'NN'), (',', ','), ('prokineticin', 'NN'), ('and', 'CC'), ('cannabidiol', 'NN')]",32039239,2019,CNRS,Frontiers in cardiovascular medicine,Targeting GPCRs Against Cardiotoxicity Induced by Anticancer Treatments.," Since G protein coupled receptors (GPCRs) are target of forty percent of clinically used drugs, here we discuss the newly identified cardioprotective agents that bind GPCRs of adrenalin, adenosine, melatonin, ghrelin, galanin, apelin, prokineticin and cannabidiol","agents, bind, GPCRs",,,
"[('It', 'PRP'), ('is', 'VBZ'), ('not', 'RB'), ('known', 'VBN'), ('whether', 'IN'), ('these', 'DT'), ('inputs', 'NNS'), ('drive', 'VBP'), ('separate', 'JJ'), ('groups', 'NNS'), ('of', 'IN'), ('neurons', 'NNS'), (',', ','), ('thus', 'RB'), ('activating', 'VBG'), ('separate', 'JJ'), ('channels', 'NNS'), ('of', 'IN'), ('information', 'NN'), (',', ','), ('or', 'CC'), ('are', 'VBP'), ('integrated', 'VBN'), ('by', 'IN'), ('neurons', 'NNS'), ('that', 'WDT'), ('receive', 'VBP'), ('both', 'DT'), ('afferents', 'NNS')]",32019871,2020,State University of New York-Stony Brook,eNeuro,Synaptic Integration of Thalamic and Limbic Inputs in Rodent Gustatory Cortex.," It is not known whether these inputs drive separate groups of neurons, thus activating separate channels of information, or are integrated by neurons that receive both afferents","inputs, activating, channels",,,
"[('Here', 'RB'), ('we', 'PRP'), ('report', 'VBP'), ('incorporation', 'NN'), ('of', 'IN'), ('sunitinib', 'NN'), (',', ','), ('a', 'DT'), ('tyrosine', 'JJ'), ('kinase', 'NN'), ('inhibitor', 'NN'), ('that', 'WDT'), ('blocks', 'VBZ'), ('VEGF', 'NNP'), ('receptors', 'NNS'), (',', ','), ('into', 'IN'), ('a', 'DT'), ('non-inflammatory', 'JJ'), ('biodegradable', 'JJ'), ('polymer', 'NN'), ('to', 'TO'), ('generate', 'VB'), ('sunitinib', 'JJ'), ('microparticles', 'NNS'), ('specially', 'RB'), ('formulated', 'VBN'), ('to', 'TO'), ('self-aggregate', 'VB'), ('into', 'IN'), ('a', 'DT'), ('depot', 'NN')]",32019921,2020,Johns Hopkins University School of Medicine,Nature communications,Sustained treatment of retinal vascular diseases with self-aggregating sunitinib microparticles.," Here we report incorporation of sunitinib, a tyrosine kinase inhibitor that blocks VEGF receptors, into a non-inflammatory biodegradable polymer to generate sunitinib microparticles specially formulated to self-aggregate into a depot","inhibitor, blocks, receptors",,,
"[('A', 'DT'), ('single', 'JJ'), ('intravitreous', 'JJ'), ('injection', 'NN'), ('of', 'IN'), ('sunitinib', 'NN'), ('microparticles', 'NNS'), ('potently', 'RB'), ('suppresses', 'VBZ'), ('choroidal', 'JJ'), ('neovascularization', 'NN'), ('in', 'IN'), ('mice', 'NN'), ('for', 'IN'), ('six', 'CD'), ('months', 'NNS'), ('and', 'CC'), ('in', 'IN'), ('another', 'DT'), ('model', 'NN'), (',', ','), ('blocks', 'VBZ'), ('VEGF-induced', 'NNP'), ('leukostasis', 'NN'), ('and', 'CC'), ('retinal', 'JJ'), ('nonperfusion', 'NN'), (',', ','), ('which', 'WDT'), ('are', 'VBP'), ('associated', 'VBN'), ('with', 'IN'), ('diabetic', 'JJ'), ('retinopathy', 'NN'), ('progression', 'NN')]",32019921,2020,Johns Hopkins University School of Medicine,Nature communications,Sustained treatment of retinal vascular diseases with self-aggregating sunitinib microparticles.," A single intravitreous injection of sunitinib microparticles potently suppresses choroidal neovascularization in mice for six months and in another model, blocks VEGF-induced leukostasis and retinal nonperfusion, which are associated with diabetic retinopathy progression","injection, blocks, leukostasis","injection, blocks, nonperfusion",,
"[('Under', 'IN'), ('hypoxia', 'JJ'), ('condition', 'NN'), (',', ','), ('HOTAIR', 'NNP'), ('expression', 'NN'), ('was', 'VBD'), ('increased', 'VBN'), ('and', 'CC'), ('its', 'PRP$'), ('knockdown', 'NN'), ('inhibited', 'VBN'), ('glycolysis', 'NN'), ('in', 'IN'), ('HCC', 'NNP'), ('cells', 'NNS')]",32062551,2020,the People's Hospital of Zhengzhou University,Biomedicine & pharmacotherapy = Biomedecine & pharmacotherapie,LncRNA HOTAIR knockdown inhibits glycolysis by regulating miR-130a-3p/HIF1A in hepatocellular carcinoma under hypoxia.," Under hypoxia condition, HOTAIR expression was increased and its knockdown inhibited glycolysis in HCC cells","knockdown, inhibited, glycolysis",,,
"[('Results', 'NNS'), (':', ':'), ('MiR-193a-3p', 'JJ'), ('inhibited', 'VBD'), ('the', 'DT'), ('propagation', 'NN'), ('and', 'CC'), ('facilitated', 'VBD'), ('the', 'DT'), ('apoptosis', 'NN'), ('of', 'IN'), ('HCC', 'NNP'), ('cells', 'NNS'), ('in', 'IN'), ('vitro', 'NN')]",32095323,2020,First Affiliated Hospital of Guangxi Medical University,PeerJ,Downregulation of miR-193a-3p is involved in the pathogenesis of hepatocellular carcinoma by targeting CCND1., Results: MiR-193a-3p inhibited the propagation and facilitated the apoptosis of HCC cells in vitro,"MiR-193a-3p, inhibited, propagation",,,
"[('According', 'VBG'), ('to', 'TO'), ('GO', 'NNP'), ('and', 'CC'), ('KEGG', 'NNP'), ('analyses', 'NNS'), (',', ','), ('these', 'DT'), ('co-expressed', 'JJ'), ('genes', 'NNS'), ('may', 'MD'), ('be', 'VB'), ('involved', 'VBN'), ('in', 'IN'), ('``', '``'), ('cell', 'NN'), ('division', 'NN'), (""''"", ""''""), (',', ','), ('``', '``'), ('cytosol', 'NN'), (""''"", ""''""), (',', ','), ('``', '``'), ('ATP', 'VBP'), ('binding', 'VBG'), (""''"", ""''""), ('and', 'CC'), ('``', '``'), ('cell', 'NN'), ('cycle', 'NN'), (""''"", ""''"")]",32095325,2020,the Second Affiliated Hospital of Xi'an Jiaotong University,PeerJ,Upregulation of desmoglein 2 and its clinical value in lung adenocarcinoma: a comprehensive analysis by multiple bioinformatics methods.," According to GO and KEGG analyses, these co-expressed genes may be involved in ""cell division"", ""cytosol"", ""ATP binding"" and ""cell cycle""","ATP, binding,  None",,,
"[('In', 'IN'), ('particular', 'JJ'), (',', ','), ('omega-3', 'JJ'), ('polyunsaturated', 'VBD'), ('fatty', 'JJ'), ('acids', 'NNS'), ('are', 'VBP'), ('able', 'JJ'), ('to', 'TO'), ('activate', 'VB'), ('nuclear', 'JJ'), ('factor', 'NN'), ('erythroid', 'JJ'), ('2-related', 'JJ'), ('factor', 'NN'), ('2', 'CD'), ('(', '('), ('Nrf-2', 'NNP'), (')', ')'), ('to', 'TO'), ('prevent', 'VB'), ('diabetes', 'NNS'), ('mellitus-related', 'JJ'), ('complications', 'NNS'), ('by', 'IN'), ('mitigating', 'VBG'), ('oxidative', 'JJ'), ('stress', 'NN')]",32044546,2020,University of Turin,"Nutrition (Burbank, Los Angeles County, Calif.)",Eicosapentaenoic acid prevents salt sensitivity in diabetic rats and decreases oxidative stress.," In particular, omega-3 polyunsaturated fatty acids are able to activate nuclear factor erythroid 2-related factor 2 (Nrf-2) to prevent diabetes mellitus-related complications by mitigating oxidative stress","acids, activate, factor",,,
"[('Here', 'RB'), (',', ','), ('a', 'DT'), ('3D', 'CD'), ('biomimetic', 'JJ'), ('porous', 'JJ'), ('collagen', 'NN'), ('scaffold', 'NN'), ('with', 'IN'), ('similar', 'JJ'), ('structure', 'NN'), ('characteristics', 'NNS'), ('as', 'IN'), ('lung', 'NN'), ('is', 'VBZ'), ('fabricated', 'VBN'), (',', ','), ('and', 'CC'), ('a', 'DT'), ('novel', 'JJ'), ('collagen', 'NN'), ('binding', 'VBG'), ('hepatocyte', 'JJ'), ('growth', 'NN'), ('factor', 'NN'), ('(', '('), ('CBD-HGF', 'NNP'), (')', ')'), ('is', 'VBZ'), ('tethered', 'VBN'), ('on', 'IN'), ('the', 'DT'), ('collagen', 'NN'), ('scaffold', 'NN'), ('for', 'IN'), ('maintaining', 'VBG'), ('the', 'DT'), ('biomimetic', 'JJ'), ('function', 'NN'), ('of', 'IN'), ('HGF', 'NNP'), ('to', 'TO'), ('improve', 'VB'), ('the', 'DT'), ('lung', 'NN'), ('regeneration', 'NN'), ('microenvironment', 'NN')]",32044576,2020,Army Medical University (Third Military Medical University),Biomaterials,Biomimetic collagen biomaterial induces in situ lung regeneration by forming functional alveolar.," Here, a 3D biomimetic porous collagen scaffold with similar structure characteristics as lung is fabricated, and a novel collagen binding hepatocyte growth factor (CBD-HGF) is tethered on the collagen scaffold for maintaining the biomimetic function of HGF to improve the lung regeneration microenvironment","collagen, binding, factor",,,
"[('Decreasing', 'VBG'), ('or', 'CC'), ('increasing', 'VBG'), ('Sp1', 'NNP'), ('expression', 'NN'), ('accordingly', 'RB'), ('inhibited', 'VBD'), ('or', 'CC'), ('promoted', 'VBD'), ('the', 'DT'), ('expression', 'NN'), ('of', 'IN'), ('11beta-HSD2', 'JJ'), ('and', 'CC'), ('further', 'RBR'), ('decreased', 'VBD'), ('or', 'CC'), ('increased', 'VBD'), ('p300', 'NNS'), ('and', 'CC'), ('Sp1', 'NNP'), ('enrichment', 'NN'), ('at', 'IN'), ('the', 'DT'), ('11beta-HSD2', 'JJ'), ('promoter', 'NN'), ('region', 'NN')]",32044612,2020,The Second Affiliated Hospital of Wenzhou Medical University,"Environmental pollution (Barking, Essex : 1987)",Sp1 participates in the cadmium-induced imbalance of the placental glucocorticoid barrier by suppressing 11beta-HSD2 expression., Decreasing or increasing Sp1 expression accordingly inhibited or promoted the expression of 11beta-HSD2 and further decreased or increased p300 and Sp1 enrichment at the 11beta-HSD2 promoter region,"expression, inhibited, expression",,,
"[('In', 'IN'), ('conclusion', 'NN'), (',', ','), ('Cd', 'NNP'), ('inhibits', 'VBZ'), ('the', 'DT'), ('expression', 'NN'), ('of', 'IN'), ('11beta-HSD2', 'JJ'), ('by', 'IN'), ('affecting', 'VBG'), ('the', 'DT'), ('binding', 'NN'), ('of', 'IN'), ('p300', 'NN'), ('to', 'TO'), ('11beta-HSD2', 'JJ'), ('via', 'IN'), ('a', 'DT'), ('decrease', 'NN'), ('in', 'IN'), ('Sp1', 'NNP'), ('expression', 'NN'), (',', ','), ('which', 'WDT'), ('damages', 'NNS'), ('the', 'DT'), ('placental', 'JJ'), ('glucocorticoid', 'NN'), ('barrier', 'NN'), ('and', 'CC'), ('exposes', 'VBZ'), ('the', 'DT'), ('foetus', 'NN'), ('to', 'TO'), ('excessive', 'JJ'), ('glucocorticoids', 'NNS'), (',', ','), ('resulting', 'VBG'), ('in', 'IN'), ('FGR', 'NNP')]",32044612,2020,The Second Affiliated Hospital of Wenzhou Medical University,"Environmental pollution (Barking, Essex : 1987)",Sp1 participates in the cadmium-induced imbalance of the placental glucocorticoid barrier by suppressing 11beta-HSD2 expression.," In conclusion, Cd inhibits the expression of 11beta-HSD2 by affecting the binding of p300 to 11beta-HSD2 via a decrease in Sp1 expression, which damages the placental glucocorticoid barrier and exposes the foetus to excessive glucocorticoids, resulting in FGR","Cd, inhibits, expression",,,
"[('The', 'DT'), ('presence', 'NN'), ('of', 'IN'), ('P25', 'NNP'), ('under', 'IN'), ('visible', 'JJ'), ('light', 'JJ'), ('irradiation', 'NN'), ('could', 'MD'), ('significantly', 'RB'), ('accelerate', 'VB'), ('SDZ', 'NNP'), ('degradation', 'NN'), ('at', 'IN'), ('small', 'JJ'), ('amount', 'NN'), ('of', 'IN'), ('iron', 'NN'), ('precursors', 'NNS'), (',', ','), ('mainly', 'RB'), ('via', 'IN'), ('promoting', 'VBG'), ('the', 'DT'), ('Fe', 'NNP'), ('(', '('), ('2+', 'CD'), (')', ')'), ('/Fe', 'NN'), ('(', '('), ('3+', 'CD'), (')', ')'), ('cycling', 'NN'), ('by', 'IN'), ('the', 'DT'), ('photoelectrons', 'NNS')]",32044626,2020,Nanjing Forestry University,Journal of hazardous materials,Degradation of emerging contaminants by sono-Fenton process with in situ generated H2O2 and the improvement by P25-mediated visible light irradiation.," The presence of P25 under visible light irradiation could significantly accelerate SDZ degradation at small amount of iron precursors, mainly via promoting the Fe(2+)/Fe(3+) cycling by the photoelectrons","presence, accelerate, degradation",,,
"[('Mechanistically', 'RB'), (',', ','), ('LINC00265', 'NNP'), ('directly', 'RB'), ('bound', 'VBD'), ('to', 'TO'), ('miR-216b-5p', 'JJ'), ('and', 'CC'), ('negatively', 'RB'), ('regulated', 'VBD'), ('miR-216b-5p', 'NN')]",31079111,2019,The Central Hospital of Zaozhuang Mining Group of Shandong,Digestion,Long Noncoding RNA LINC00265 Promotes Glycolysis and Lactate Production of Colorectal Cancer through Regulating of miR-216b-5p/TRIM44 Axis.," Mechanistically, LINC00265 directly bound to miR-216b-5p and negatively regulated miR-216b-5p","LINC00265, bound, miR-216b-5p",,,
"[('Our', 'PRP$'), ('results', 'NNS'), ('indicated', 'VBD'), ('that', 'IN'), ('the', 'DT'), ('14-day', 'JJ'), ('MK-801', 'NNP'), ('treatment', 'NN'), ('inhibited', 'VBD'), ('the', 'DT'), ('prepulse', 'JJ'), ('inhibition', 'NN'), ('and', 'CC'), ('decreased', 'JJ'), ('immobility', 'NN'), ('in', 'IN'), ('the', 'DT'), ('forced-swim', 'JJ'), ('test', 'NN'), (',', ','), ('whereas', 'IN'), ('the', 'DT'), ('5-day', 'JJ'), ('MK-801', 'NNP'), ('treatment', 'NN'), ('induced', 'VBD'), ('only', 'RB'), ('slight', 'JJ'), ('behavioral', 'JJ'), ('effects', 'NNS')]",31029708,2019,Osaka City University,Behavioural brain research,Effects of early postnatal MK-801 treatment on behavioral properties in rats: Differences according to treatment schedule.," Our results indicated that the 14-day MK-801 treatment inhibited the prepulse inhibition and decreased immobility in the forced-swim test, whereas the 5-day MK-801 treatment induced only slight behavioral effects","treatment, inhibited, inhibition",,,
"[('ECO', 'NNP'), ('inhibited', 'VBD'), ('the', 'DT'), ('LPS-induced', 'JJ'), ('production', 'NN'), ('and', 'CC'), ('expression', 'NN'), ('of', 'IN'), ('pro-inflammatory', 'JJ'), ('mediators', 'NNS'), ('in', 'IN'), ('macrophages', 'NNS')]",31029725,2019,Kangwon National University,Food and chemical toxicology : an international journal published for the British Industrial Biological Research Association,Protective effects of extract of Cleistocalyx operculatus flower buds and its isolated major constituent against LPS-induced endotoxic shock by activating the Nrf2/HO-1 pathway., ECO inhibited the LPS-induced production and expression of pro-inflammatory mediators in macrophages,"ECO, inhibited, production",,,
"[('Similar', 'JJ'), ('to', 'TO'), ('the', 'DT'), ('effects', 'NNS'), ('of', 'IN'), ('ECO', 'NNP'), (',', ','), ('DMC', 'NNP'), ('also', 'RB'), ('inhibited', 'VBD'), ('the', 'DT'), ('LPS-induced', 'NNP'), ('inflammatory', 'NN'), ('response', 'NN'), ('in', 'IN'), ('macrophages', 'NNS'), ('and', 'CC'), ('endotoxic', 'NN'), ('shock', 'NN'), ('in', 'IN'), ('mice', 'NN'), (',', ','), ('and', 'CC'), ('activated', 'VBD'), ('the', 'DT'), ('Nrf2/HO-1', 'NNP'), ('pathway', 'NN')]",31029725,2019,Kangwon National University,Food and chemical toxicology : an international journal published for the British Industrial Biological Research Association,Protective effects of extract of Cleistocalyx operculatus flower buds and its isolated major constituent against LPS-induced endotoxic shock by activating the Nrf2/HO-1 pathway.," Similar to the effects of ECO, DMC also inhibited the LPS-induced inflammatory response in macrophages and endotoxic shock in mice, and activated the Nrf2/HO-1 pathway","DMC, activated, pathway",,,
"[('Previous', 'JJ'), ('work', 'NN'), ('has', 'VBZ'), ('shown', 'VBN'), ('the', 'DT'), ('Vp1', 'NNP'), ('capsid', 'NN'), ('protein', 'NN'), ('of', 'IN'), ('PhiCPG1', 'NNP'), ('to', 'TO'), ('exhibit', 'VB'), ('broad', 'JJ'), ('inhibitory', 'NN'), ('activity', 'NN'), ('against', 'IN'), ('all', 'DT'), ('CT', 'NNP'), ('serotypes', 'NNS'), (',', ','), ('inhibiting', 'VBG'), ('CT-mediated', 'JJ'), ('host', 'NN'), ('cell', 'NN'), ('toxicity', 'NN')]",31029735,2019,Tianjin Medical University General Hospital,Virus research,The PhiCPG1 chlamydiaphage can infect Chlamydia trachomatis and significantly reduce its infectivity.," Previous work has shown the Vp1 capsid protein of PhiCPG1 to exhibit broad inhibitory activity against all CT serotypes, inhibiting CT-mediated host cell toxicity","protein, inhibiting, toxicity",,,
"[('Given', 'VBN'), ('these', 'DT'), ('previous', 'JJ'), ('findings', 'NNS'), (',', ','), ('we', 'PRP'), ('hypothesized', 'VBD'), ('that', 'IN'), ('the', 'DT'), ('PhiCPG1', 'NNP'), ('chlamydiaphage', 'NN'), ('may', 'MD'), ('be', 'VB'), ('able', 'JJ'), ('to', 'TO'), ('infect', 'VB'), ('CT', 'NNP'), (',', ','), ('thereby', 'RB'), ('inhibiting', 'VBG'), ('its', 'PRP$'), ('growth', 'NN'), ('and', 'CC'), ('proliferation', 'NN')]",31029735,2019,Tianjin Medical University General Hospital,Virus research,The PhiCPG1 chlamydiaphage can infect Chlamydia trachomatis and significantly reduce its infectivity.," Given these previous findings, we hypothesized that the PhiCPG1 chlamydiaphage may be able to infect CT, thereby inhibiting its growth and proliferation","chlamydiaphage, inhibiting, growth","chlamydiaphage, inhibiting, proliferation",,
"[('RESULTS', 'NN'), (':', ':'), ('A', 'DT'), ('total', 'NN'), ('of', 'IN'), ('20', 'CD'), ('components', 'NNS'), ('were', 'VBD'), ('discovered', 'VBN'), ('and', 'CC'), ('identified', 'VBN'), ('from', 'IN'), ('ZSP', 'NNP'), ('ultrafiltrate', 'NN'), ('by', 'IN'), ('high', 'JJ'), ('resolution', 'NN'), ('Fourier', 'NNP'), ('transform', 'NN'), ('ion', 'NN'), ('cyclotron', 'NN'), ('resonance', 'NN'), ('mass', 'NN'), ('spectrometry', 'NN'), ('(', '('), ('FT-ICR', 'NNP'), ('MS', 'NNP'), (')', ')'), (',', ','), ('among', 'IN'), ('which', 'WDT'), ('8', 'CD'), ('compounds', 'NNS'), ('were', 'VBD'), ('deduced', 'VBN'), ('as', 'IN'), ('potential', 'JJ'), ('COX-2', 'JJ'), ('inhibitors', 'NNS'), ('by', 'IN'), ('their', 'PRP$'), ('high', 'JJ'), ('specific', 'JJ'), ('binding', 'VBG'), ('values', 'NNS'), ('(', '('), ('>', 'CD'), ('1', 'CD')]",31029761,2019,Shenyang Pharmaceutical University,Journal of ethnopharmacology,Characterization and screening of cyclooxygenase-2 inhibitors from Zi-shen pill by affinity ultrafiltration-ultra performance liquid chromatography mass spectrometry.," RESULTS: A total of 20 components were discovered and identified from ZSP ultrafiltrate by high resolution Fourier transform ion cyclotron resonance mass spectrometry (FT-ICR MS), among which 8 compounds were deduced as potential COX-2 inhibitors by their high specific binding values (>1","specific, binding, values",,,
"[('A', 'DT'), ('luciferase', 'NN'), ('assay', 'NN'), ('and', 'CC'), ('chromatin', 'NN'), ('immunoprecipitation', 'NN'), ('(', '('), ('ChIP', 'NNP'), (')', ')'), ('assay', 'VBP'), ('were', 'VBD'), ('used', 'VBN'), ('to', 'TO'), ('identify', 'VB'), ('whether', 'IN'), ('YY1', 'NNP'), ('directly', 'RB'), ('regulated', 'VBD'), ('alpha-SMA', 'JJ'), ('by', 'IN'), ('binding', 'VBG'), ('to', 'TO'), ('the', 'DT'), ('alpha-SMA', 'JJ'), ('promoter', 'NN')]",31028762,2019,Xuzhou Medical University,Metabolism: clinical and experimental,YY1: A novel therapeutic target for diabetic nephropathy orchestrated renal fibrosis., A luciferase assay and chromatin immunoprecipitation (ChIP) assay were used to identify whether YY1 directly regulated alpha-SMA by binding to the alpha-SMA promoter,"alpha-SMA, binding, promoter",,,
"[('The', 'DT'), ('wild', 'JJ'), ('type', 'NN'), ('and', 'CC'), ('STAT3', 'NNP'), ('binding', 'VBG'), ('site', 'NN'), ('mutant', 'JJ'), ('fractalkine', 'NN'), ('promoter', 'NN'), ('luciferase', 'NN'), ('reporter', 'NN'), ('plasmids', 'NNS'), ('were', 'VBD'), ('constructed', 'VBN'), (',', ','), ('and', 'CC'), ('luciferase', 'NN'), ('activity', 'NN'), ('assays', 'NNS'), ('were', 'VBD'), ('used', 'VBN'), ('to', 'TO'), ('explore', 'VB'), ('the', 'DT'), ('effect', 'NN'), ('of', 'IN'), ('STAT3', 'NNP'), ('on', 'IN'), ('the', 'DT'), ('transcriptional', 'JJ'), ('activity', 'NN'), ('of', 'IN'), ('the', 'DT'), ('fractalkine', 'NN'), ('promoter', 'NN')]",31001953,2019,Wuhan University of Science and Technology,Sheng wu gong cheng xue bao = Chinese journal of biotechnology,[Signal transducer and activator of transcription 3 promotes vascular endothelial cell proliferation and migration by fractalkine].," The wild type and STAT3 binding site mutant fractalkine promoter luciferase reporter plasmids were constructed, and luciferase activity assays were used to explore the effect of STAT3 on the transcriptional activity of the fractalkine promoter","STAT3, binding, site","type, binding, site",,
"[('STAT3', 'NNP'), ('could', 'MD'), ('directly', 'RB'), ('bind', 'VB'), ('to', 'TO'), ('the', 'DT'), ('promoter', 'NN'), ('of', 'IN'), ('fractalkine', 'NN'), ('to', 'TO'), ('promote', 'VB'), ('its', 'PRP$'), ('transcriptional', 'JJ'), ('activity', 'NN'), ('via', 'IN'), ('binding', 'VBG'), ('the', 'DT'), ('GAS', 'NNP'), ('site', 'NN'), ('of', 'IN'), ('the', 'DT'), ('fractalkine', 'NN'), ('promoter', 'NN')]",31001953,2019,Wuhan University of Science and Technology,Sheng wu gong cheng xue bao = Chinese journal of biotechnology,[Signal transducer and activator of transcription 3 promotes vascular endothelial cell proliferation and migration by fractalkine]., STAT3 could directly bind to the promoter of fractalkine to promote its transcriptional activity via binding the GAS site of the fractalkine promoter,"STAT3, bind, promoter","activity, binding, site",,
"[('Bile', 'NNP'), ('acids', 'NNS'), ('also', 'RB'), ('are', 'VBP'), ('key', 'JJ'), ('signaling', 'VBG'), ('molecules', 'NNS'), ('and', 'CC'), ('inflammatory', 'JJ'), ('agents', 'NNS'), ('that', 'WDT'), ('activate', 'VBP'), ('transcriptional', 'JJ'), ('factors', 'NNS'), ('and', 'CC'), ('cell', 'NN'), ('signaling', 'VBG'), ('pathways', 'NNS'), ('that', 'WDT'), ('regulate', 'VBP'), ('lipid', 'JJ'), (',', ','), ('glucose', 'JJ'), (',', ','), ('and', 'CC'), ('energy', 'NN'), ('metabolism', 'NN'), ('in', 'IN'), ('various', 'JJ'), ('human', 'JJ'), ('disorders', 'NNS'), (',', ','), ('including', 'VBG'), ('chronic', 'JJ'), ('liver', 'NN'), ('diseases', 'NNS')]",31014010,2019,"University of Rome ""Tor Vergata""",International journal of molecular sciences,Dual Role of Bile Acids on the Biliary Epithelium: Friend or Foe?," Bile acids also are key signaling molecules and inflammatory agents that activate transcriptional factors and cell signaling pathways that regulate lipid, glucose, and energy metabolism in various human disorders, including chronic liver diseases","molecules, activate, factors","molecules, activate, cell","agents, activate, factors","agents, activate, cell"
"[('The', 'DT'), ('PBD', 'NNP'), ('binds', 'VBZ'), ('to', 'TO'), ('phosphothreonine', 'VB'), ('(', '('), ('pT', 'NN'), (')', ')'), ('and', 'CC'), ('phosphoserine-containing', 'JJ'), ('sequences', 'NNS')]",31014020,2019,Center for Cancer Research,"Molecules (Basel, Switzerland)","Development of Highly Selective 1,2,3-Triazole-containing Peptidic Polo-like Kinase 1 Polo-box Domain-binding Inhibitors.", The PBD binds to phosphothreonine (pT) and phosphoserine-containing sequences,"PBD, binds, pT","PBD, binds, sequences",,
"[('Previously', 'RB'), (',', ','), ('we', 'PRP'), ('demonstrated', 'VBD'), ('by', 'IN'), ('tethering', 'VBG'), ('alkylphenyl', 'NN'), ('chains', 'NNS'), ('from', 'IN'), ('the', 'DT'), ('N', 'NNP'), ('(', '('), ('pi', 'NN'), (')', ')'), ('-position', 'NN'), ('of', 'IN'), ('the', 'DT'), ('His', 'PRP$'), ('residue', 'NN'), ('in', 'IN'), ('the', 'DT'), ('5-mer', 'JJ'), ('PLHSpT', 'NNP'), (',', ','), ('that', 'IN'), ('we', 'PRP'), ('were', 'VBD'), ('able', 'JJ'), ('to', 'TO'), ('access', 'NN'), ('a', 'DT'), ('hydrophobic', 'JJ'), ('``', '``'), ('cryptic', 'JJ'), (""''"", ""''""), ('binding', 'VBG'), ('pocket', 'NN'), ('on', 'IN'), ('the', 'DT'), ('surface', 'NN'), ('of', 'IN'), ('the', 'DT'), ('PBD', 'NNP'), (',', ','), ('and', 'CC'), ('in', 'IN'), ('so', 'RB'), ('doing', 'VBG'), ('enhance', 'NN'), ('binding', 'VBG'), ('affinities', 'NNS'), ('by', 'IN'), ('approximately', 'RB'), ('1000-fold', 'JJ')]",31014020,2019,Center for Cancer Research,"Molecules (Basel, Switzerland)","Development of Highly Selective 1,2,3-Triazole-containing Peptidic Polo-like Kinase 1 Polo-box Domain-binding Inhibitors."," Previously, we demonstrated by tethering alkylphenyl chains from the N(pi)-position of the His residue in the 5-mer PLHSpT, that we were able to access a hydrophobic ""cryptic"" binding pocket on the surface of the PBD, and in so doing enhance binding affinities by approximately 1000-fold","cryptic, binding, pocket","enhance, binding, affinities",,
"[('HA', 'NNP'), ('attaches', 'NNS'), ('virions', 'NNS'), ('to', 'TO'), ('cells', 'NNS'), ('by', 'IN'), ('binding', 'VBG'), ('to', 'TO'), ('terminal', 'VB'), ('sialic', 'JJ'), ('acid', 'NN'), ('residues', 'NNS'), ('on', 'IN'), ('glycoproteins/glycolipids', 'NNS'), ('to', 'TO'), ('initiate', 'VB'), ('the', 'DT'), ('infectious', 'JJ'), ('cycle', 'NN'), (',', ','), ('while', 'IN'), ('NA', 'NNP'), ('cleaves', 'VBZ'), ('terminal', 'JJ'), ('sialic', 'JJ'), ('acids', 'NNS'), (',', ','), ('releasing', 'VBG'), ('virions', 'NNS'), ('to', 'TO'), ('complete', 'VB'), ('the', 'DT'), ('infectious', 'JJ'), ('cycle', 'NN')]",31014029,2019,NIAID,Viruses,Influenza Hemagglutinin and Neuraminidase: Yin(-)Yang Proteins Coevolving to Thwart Immunity.," HA attaches virions to cells by binding to terminal sialic acid residues on glycoproteins/glycolipids to initiate the infectious cycle, while NA cleaves terminal sialic acids, releasing virions to complete the infectious cycle","HA, binding, residues",,,
"[('We', 'PRP'), ('also', 'RB'), ('discuss', 'VBP'), ('recent', 'JJ'), ('exciting', 'JJ'), ('findings', 'NNS'), ('that', 'WDT'), ('antibodies', 'VBZ'), ('to', 'TO'), ('HA', 'NNP'), ('can', 'MD'), ('function', 'VB'), ('in', 'IN'), ('vivo', 'NN'), ('by', 'IN'), ('blocking', 'VBG'), ('NA', 'NNP'), ('enzyme', 'NN'), ('activity', 'NN'), ('to', 'TO'), ('prevent', 'VB'), ('nascent', 'JJ'), ('virion', 'NN'), ('release', 'NN'), ('and', 'CC'), ('enhance', 'NN'), ('Fc', 'NNP'), ('receptor-based', 'JJ'), ('activation', 'NN'), ('of', 'IN'), ('innate', 'NN'), ('immune', 'NN'), ('cells', 'NNS')]",31014029,2019,NIAID,Viruses,Influenza Hemagglutinin and Neuraminidase: Yin(-)Yang Proteins Coevolving to Thwart Immunity., We also discuss recent exciting findings that antibodies to HA can function in vivo by blocking NA enzyme activity to prevent nascent virion release and enhance Fc receptor-based activation of innate immune cells,"antibodies, blocking, activity",,,
"[('The', 'DT'), ('significant', 'JJ'), ('up-regulation', 'NN'), ('of', 'IN'), ('MAPK', 'NNP'), ('and', 'CC'), ('p53', 'NN'), ('at', 'IN'), ('both', 'DT'), ('mRNA', 'NN'), ('and', 'CC'), ('protein', 'NN'), ('levels', 'NNS'), ('proved', 'VBD'), ('that', 'IN'), ('TCS-induced', 'NNP'), ('hepatocyte', 'NN'), ('apoptosis', 'NN'), ('was', 'VBD'), ('closely', 'RB'), ('related', 'VBN'), ('to', 'TO'), ('activating', 'VBG'), ('the', 'DT'), ('MAPK/p53', 'NNP'), ('signaling', 'VBG'), ('pathway', 'NN')]",31048017,2019,Wenzhou Medical University,Comparative biochemistry and physiology. Toxicology & pharmacology : CBP,Triclosan-induced liver injury in zebrafish (Danio rerio) via regulating MAPK/p53 signaling pathway., The significant up-regulation of MAPK and p53 at both mRNA and protein levels proved that TCS-induced hepatocyte apoptosis was closely related to activating the MAPK/p53 signaling pathway,"apoptosis, activating, MAPK/p53",,,
"[('These', 'DT'), ('results', 'NNS'), ('strongly', 'RB'), ('suggest', 'VBP'), ('that', 'IN'), ('long-term', 'JJ'), ('TCS-exposure', 'NN'), ('may', 'MD'), ('pose', 'VB'), ('a', 'DT'), ('great', 'JJ'), ('injury', 'NN'), ('to', 'TO'), ('zebrafish', 'VB'), ('liver', 'NN'), ('development', 'NN'), ('by', 'IN'), ('means', 'NNS'), ('of', 'IN'), ('activating', 'VBG'), ('MAPK/p53', 'NNP'), ('apoptotic', 'JJ'), ('signaling', 'VBG'), ('pathway', 'NN'), (',', ','), ('also', 'RB'), ('lay', 'VBD'), ('theoretical', 'JJ'), ('foundation', 'NN'), ('for', 'IN'), ('further', 'JJ'), ('assessing', 'VBG'), ('TCS-induced', 'JJ'), ('ecological', 'JJ'), ('healthy', 'JJ'), ('risk', 'NN')]",31048017,2019,Wenzhou Medical University,Comparative biochemistry and physiology. Toxicology & pharmacology : CBP,Triclosan-induced liver injury in zebrafish (Danio rerio) via regulating MAPK/p53 signaling pathway.," These results strongly suggest that long-term TCS-exposure may pose a great injury to zebrafish liver development by means of activating MAPK/p53 apoptotic signaling pathway, also lay theoretical foundation for further assessing TCS-induced ecological healthy risk","development, activating, apoptotic",,,
"[('melitensis', 'NN'), ('specific', 'JJ'), ('binding', 'VBG'), ('aptamer', 'NN'), ('(', '('), ('Apt', 'NNP'), (')', ')'), ('attached', 'VBD'), ('magnetic', 'JJ'), ('nanoparticles', 'NNS')]",31036183,2019,Gazi University,Talanta,Rapid and label-free detection of Brucella melitensis in milk and milk products using an aptasensor., melitensis specific binding aptamer (Apt) attached magnetic nanoparticles,"specific, binding, aptamer",,,
"[(',', ','), ('Fe3O4', 'NNP'), (')', ')'), ('was', 'VBD'), ('modified', 'VBN'), ('by', 'IN'), ('3-aminopropyltriethoxysilane', 'NNP'), ('(', '('), ('APTES', 'NNP'), (')', ')'), ('and', 'CC'), ('then', 'RB'), ('grafted', 'VBN'), ('with', 'IN'), ('a', 'DT'), ('hydrophilic', 'JJ'), ('macromonomer', 'NN'), ('poly', 'NN'), ('(', '('), ('ethyleneglycol', 'NN'), (')', ')'), ('-methacrylate', 'NN'), ('(', '('), ('PEG-MA', 'NNP'), (')', ')'), ('as', 'IN'), ('a', 'DT'), ('first', 'JJ'), ('block', 'NN'), ('polymer', 'NN'), ('and', 'CC'), ('glycidylmethacrylate', 'NN'), ('(', '('), ('GMA', 'NNP'), (')', ')'), ('as', 'IN'), ('a', 'DT'), ('second', 'JJ'), ('block', 'NN'), ('functional', 'JJ'), ('polymer', 'NN'), ('via', 'IN'), ('atom', 'NN'), ('transfer', 'NN'), ('radical', 'JJ'), ('polymerization', 'NN'), ('(', '('), ('ATRP', 'NNP'), (')', ')'), ('method', 'NN'), ('[', 'NNP'), ('Fe3O4', 'NNP'), ('@', 'NNP'), ('SiO2', 'NNP'), ('@', 'NNP'), ('p', 'NN'), ('(', '('), ('PEG-MA-GMA', 'NNP'), (')', ')'), (']', 'NN'), (',', ','), ('then', 'RB'), (',', ','), ('the', 'DT'), ('specific', 'JJ'), ('binding', 'VBG'), ('aptamer', 'NN'), ('was', 'VBD'), ('immobilized', 'VBN')]",31036183,2019,Gazi University,Talanta,Rapid and label-free detection of Brucella melitensis in milk and milk products using an aptasensor.,",Fe3O4) was modified by 3-aminopropyltriethoxysilane (APTES) and then grafted with a hydrophilic macromonomer poly(ethyleneglycol)-methacrylate (PEG-MA) as a first block polymer and glycidylmethacrylate (GMA) as a second block functional polymer via atom transfer radical polymerization (ATRP) method [Fe3O4 @SiO2 @p(PEG-MA-GMA)], then, the specific binding aptamer was immobilized","specific, binding, aptamer",,,
"[('Clinical', 'JJ'), ('trial', 'NN'), ('development', 'NN'), ('is', 'VBZ'), ('accelerating', 'VBG'), ('but', 'CC'), ('will', 'MD'), ('require', 'VB'), ('more', 'JJR'), ('robust', 'JJ'), ('natural', 'JJ'), ('history', 'NN'), ('data', 'NNS'), ('and', 'CC'), ('tailored', 'VBD'), ('outcome', 'NN'), ('measures', 'NNS')]",31060727,2019,Neuromuscular Service,Seminars in pediatric neurology,Therapeutic Aspects in Congenital Myopathies., Clinical trial development is accelerating but will require more robust natural history data and tailored outcome measures,"development, accelerating, None",,,
"[('For', 'IN'), ('amino', 'NN'), ('silane', 'NN'), (',', ','), ('although', 'IN'), ('the', 'DT'), ('configuration', 'NN'), ('is', 'VBZ'), ('similar', 'JJ'), ('to', 'TO'), ('that', 'DT'), ('of', 'IN'), ('mercapto', 'NN'), ('silane', 'NN'), (',', ','), ('its', 'PRP$'), ('amino', 'NN'), ('groups', 'NNS'), ('are', 'VBP'), ('bound', 'VBN'), ('to', 'TO'), ('the', 'DT'), ('surface', 'NN'), ('owing', 'VBG'), ('to', 'TO'), ('their', 'PRP$'), ('high', 'JJ'), ('polarity', 'NN'), (',', ','), ('which', 'WDT'), ('results', 'NNS'), ('in', 'IN'), ('a', 'DT'), ('reduced', 'JJ'), ('accessibility', 'NN'), ('for', 'IN'), ('BADGE', 'NNP'), ('and', 'CC'), ('a', 'DT'), ('relatively', 'RB'), ('poor', 'JJ'), ('wettability', 'NN'), ('in', 'IN'), ('comparison', 'NN'), ('with', 'IN'), ('mercapto', 'NN'), ('silane', 'NN')]",31059261,2019,Inc. ,The journal of physical chemistry. B,Wettability of Primer-Treated Al2O3 Surfaces by Bisphenol A Diglycidyl Ether: Determination of the Mechanism from Molecular Dynamics Simulations and Experiments.," For amino silane, although the configuration is similar to that of mercapto silane, its amino groups are bound to the surface owing to their high polarity, which results in a reduced accessibility for BADGE and a relatively poor wettability in comparison with mercapto silane","groups, bound, surface",,,
"[('It', 'PRP'), ('also', 'RB'), ('upregulated', 'VBD'), ('the', 'DT'), ('expression', 'NN'), ('of', 'IN'), ('Nrf2', 'NNP'), ('and', 'CC'), ('HO-1', 'NNP'), ('in', 'IN'), ('normal', 'JJ'), ('and', 'CC'), ('activated', 'VBD'), ('microglia', 'NNS'), ('followed', 'VBN'), ('by', 'IN'), ('the', 'DT'), ('lowered', 'JJ'), ('neuronal', 'JJ'), ('apoptosis', 'NN'), ('induced', 'VBN'), ('by', 'IN'), ('activated', 'JJ'), ('microglia', 'NN')]",31049133,2019,Gachon University,Oxidative medicine and cellular longevity,Sulforaphane-Enriched Broccoli Sprouts Pretreated by Pulsed Electric Fields Reduces Neuroinflammation and Ameliorates Scopolamine-Induced Amnesia in Mouse Brain through Its Antioxidant Ability via Nrf2-HO-1 Activation., It also upregulated the expression of Nrf2 and HO-1 in normal and activated microglia followed by the lowered neuronal apoptosis induced by activated microglia,"None, activated, microglia",,,
"[('Additionally', 'RB'), (',', ','), ('transcription', 'NN'), ('factor', 'NN'), ('ZEB1', 'NNP'), ('and', 'CC'), ('ELF3', 'NNP'), ('could', 'MD'), ('directly', 'RB'), ('bind', 'VB'), ('on', 'IN'), ('IRF6', 'NNP'), ('promoter', 'NN'), (',', ','), ('which', 'WDT'), ('suggested', 'VBD'), ('that', 'IN'), ('transcription', 'NN'), ('factor', 'NN'), ('IRF6', 'NNP'), ('is', 'VBZ'), ('transcriptionally', 'RB'), ('regulated', 'VBN'), ('by', 'IN'), ('ZEB1', 'NNP'), ('and', 'CC'), ('ELF3', 'NNP')]",31019894,2019,Hubei University of Medicine,Frontiers in oncology,"IRF6 Is Directly Regulated by ZEB1 and ELF3, and Predicts a Favorable Prognosis in Gastric Cancer."," Additionally, transcription factor ZEB1 and ELF3 could directly bind on IRF6 promoter, which suggested that transcription factor IRF6 is transcriptionally regulated by ZEB1 and ELF3","factor, bind, promoter",,,
"[('These', 'DT'), ('data', 'NNS'), ('may', 'MD'), ('support', 'VB'), ('the', 'DT'), ('therapeutic', 'JJ'), ('strategy', 'NN'), ('of', 'IN'), ('using', 'VBG'), ('the', 'DT'), ('MSC-derived', 'JJ'), ('EVs', 'NNP'), ('to', 'TO'), ('accelerate', 'VB'), ('this', 'DT'), ('strategy', 'NN'), ('from', 'IN'), ('bench', 'NN'), ('to', 'TO'), ('bedside', 'VB')]",31045328,2019,KAIST,Stem cells translational medicine,Mesenchymal Stem Cell-Derived Extracellular Vesicles as Therapeutics and as a Drug Delivery Platform., These data may support the therapeutic strategy of using the MSC-derived EVs to accelerate this strategy from bench to bedside,"data, accelerate, strategy",,,
"[('CONCLUSIONS', 'NN'), (':', ':'), ('LIPUS', 'NNP'), ('improved', 'VBD'), ('the', 'DT'), ('hematopoietic', 'JJ'), ('microenvironment', 'NN'), (',', ','), ('accelerated', 'VBD'), ('the', 'DT'), ('reconstruction', 'NN'), ('of', 'IN'), ('bone', 'NN'), ('marrow', 'NN'), ('cells', 'NNS'), (',', ','), ('and', 'CC'), ('increased', 'VBD'), ('the', 'DT'), ('quantity', 'NN'), ('and', 'CC'), ('quality', 'NN'), ('of', 'IN'), ('RBCs', 'NNP'), (',', ','), ('WBCs', 'NNP'), (',', ','), ('and', 'CC'), ('PLTs', 'NNP'), ('in', 'IN'), ('the', 'DT'), ('peripheral', 'JJ'), ('blood', 'NN')]",31087076,2019,Chongqing Medical University,Physical therapy,Treatment Effect of Low-Intensity Pulsed Ultrasound on Benzene- and Cyclophosphamide-Induced Aplastic Anemia in Rabbits.," CONCLUSIONS: LIPUS improved the hematopoietic microenvironment, accelerated the reconstruction of bone marrow cells, and increased the quantity and quality of RBCs, WBCs, and PLTs in the peripheral blood","LIPUS, accelerated, reconstruction",,,
"[('In', 'IN'), ('addition', 'NN'), (',', ','), ('we', 'PRP'), ('found', 'VBD'), ('that', 'IN'), ('the', 'DT'), ('extracellular', 'JJ'), ('IL-25', 'NNP'), ('could', 'MD'), ('stimulate', 'VB'), ('the', 'DT'), ('expression', 'NN'), ('of', 'IN'), ('MVP', 'NNP'), ('and', 'CC'), ('activate', 'VB'), ('the', 'DT'), ('NF-kappaB', 'NNP'), ('signaling', 'NN'), ('pathway', 'NN')]",31044552,2019,Army Medical University (Third Military Medical University),Cancer medicine,IL-25 promotes cisplatin resistance of lung cancer cells by activating NF-kappaB signaling pathway to increase of major vault protein.," In addition, we found that the extracellular IL-25 could stimulate the expression of MVP and activate the NF-kappaB signaling pathway","IL-25, activate, pathway",,,
"[('Overexpression', 'NN'), ('of', 'IN'), ('NEAT1', 'NNP'), ('markedly', 'RB'), ('accelerated', 'VBD'), ('proliferative', 'JJ'), ('and', 'CC'), ('reduced', 'JJ'), ('apoptosis', 'NN'), ('potentials', 'NNS'), ('of', 'IN'), ('osteosarcoma', 'NN'), ('cells', 'NNS')]",31044561,2019,Yidu Central Hospital of Weifang City,Molecular genetics & genomic medicine,Long noncoding RNA NEAT1 regulates the development of osteosarcoma through sponging miR-34a-5p to mediate HOXA13 expression as a competitive endogenous RNA., Overexpression of NEAT1 markedly accelerated proliferative and reduced apoptosis potentials of osteosarcoma cells,"Overexpression,  accelerated, proliferative",,,
"[('From', 'IN'), ('the', 'DT'), ('analysis', 'NN'), ('of', 'IN'), ('the', 'DT'), ('results', 'NNS'), (',', ','), ('to', 'TO'), ('maintain', 'VB'), ('the', 'DT'), ('cleanliness', 'NN'), ('of', 'IN'), ('the', 'DT'), ('water', 'NN'), (',', ','), ('efforts', 'NNS'), ('should', 'MD'), ('still', 'RB'), ('be', 'VB'), ('made', 'VBN'), ('to', 'TO'), ('eliminate', 'VB'), ('and', 'CC'), ('completely', 'RB'), ('block', 'VB'), ('the', 'DT'), ('pollutants', 'NNS'), ('on', 'IN'), ('the', 'DT'), ('shore', 'NN'), ('in', 'IN'), ('order', 'NN'), ('to', 'TO'), ('fundamentally', 'RB'), ('solve', 'VB'), ('the', 'DT'), ('problem', 'NN')]",31069546,2019,North China University of Water Resources and Electric Power,Environmental monitoring and assessment,Multi-dimensional dynamic fuzzy monitoring model for the effect of water pollution treatment.," From the analysis of the results, to maintain the cleanliness of the water, efforts should still be made to eliminate and completely block the pollutants on the shore in order to fundamentally solve the problem","efforts, block, pollutants",,,
"[('The', 'DT'), ('inherent', 'JJ'), ('synergistically', 'RB'), ('accelerated', 'VBN'), ('recognition', 'NN'), ('and', 'CC'), ('hybridization', 'NN'), ('features', 'NNS'), ('of', 'IN'), ('CHA-HCR', 'NNP'), ('circuit', 'NN'), ('contribute', 'NN'), ('to', 'TO'), ('the', 'DT'), ('amplified', 'JJ'), ('detection', 'NN'), ('of', 'IN'), ('endogenous', 'JJ'), ('RNAs', 'NNP'), ('in', 'IN'), ('living', 'NN'), ('cells', 'NNS')]",30079197,2018,Wuhan University ,Chemical science,Construction of an enzyme-free concatenated DNA circuit for signal amplification and intracellular imaging., The inherent synergistically accelerated recognition and hybridization features of CHA-HCR circuit contribute to the amplified detection of endogenous RNAs in living cells,"inherent, accelerated, recognition","inherent, accelerated, features",,
"[('In', 'IN'), ('this', 'DT'), ('paper', 'NN'), ('we', 'PRP'), ('present', 'JJ'), ('several', 'JJ'), ('approaches', 'NNS'), ('for', 'IN'), ('accelerating', 'VBG'), ('deterministic', 'JJ'), ('calculation', 'NN'), ('of', 'IN'), ('point', 'NN'), ('correlation', 'NN'), ('functions', 'NNS'), ('using', 'VBG'), ('theory', 'NN'), ('to', 'TO'), ('reduce', 'VB'), ('computation', 'NN'), (',', ','), ('parallelization', 'NN'), ('on', 'IN'), ('distributed', 'JJ'), ('systems', 'NNS'), (',', ','), ('and', 'CC'), ('parallelization', 'NN'), ('on', 'IN'), ('graphics', 'NNS'), ('processors', 'NNS')]",30009263,2011,Emory University,"Proceedings. IEEE International Conference on Healthcare Informatics, Imaging and Systems Biology",Acceleration of Two Point Correlation Function Calculation for Pathology Image Segmentation.," In this paper we present several approaches for accelerating deterministic calculation of point correlation functions using theory to reduce computation, parallelization on distributed systems, and parallelization on graphics processors","approaches, accelerating, calculation",,,
"[('NaY', 'NNP'), (',', ','), ('MgY', 'NNP'), (',', ','), ('and', 'CC'), ('FeY', 'NNP'), (',', ','), ('all', 'RB'), ('accelerated', 'VBD'), ('the', 'DT'), ('kinetics', 'NNS'), ('of', 'IN'), ('fibrilization', 'NN'), ('by', 'IN'), ('increasing', 'VBG'), ('the', 'DT'), ('primary', 'JJ'), ('nucleation', 'NN'), ('rate', 'NN'), (',', ','), ('while', 'IN'), ('CuY', 'NNP'), ('and', 'CC'), ('ZnY', 'NNP'), ('inhibited', 'VBD'), ('fibrilization', 'NN')]",30060667,2018,University of Texas at Austin ,Langmuir : the ACS journal of surfaces and colloids,Influence of Zeolites on Amyloid-beta Aggregation.," NaY, MgY, and FeY, all accelerated the kinetics of fibrilization by increasing the primary nucleation rate, while CuY and ZnY inhibited fibrilization","NaY, accelerated, kinetics","MgY, accelerated, kinetics","FeY, accelerated, kinetics",
"[('METHODS', 'NN'), (':', ':'), ('Brainstem', 'NNP'), ('vagal', 'VBZ'), ('preganglionic', 'JJ'), ('neurons', 'NNS'), ('residing', 'VBG'), ('in', 'IN'), ('the', 'DT'), ('dorsal', 'JJ'), ('vagal', 'JJ'), ('motor', 'NN'), ('nucleus', 'NN'), ('(', '('), ('DVMN', 'NNP'), (')', ')'), ('were', 'VBD'), ('targeted', 'VBN'), ('with', 'IN'), ('a', 'DT'), ('lentiviral', 'JJ'), ('vector', 'NN'), ('to', 'TO'), ('induce', 'VB'), ('the', 'DT'), ('expression', 'NN'), ('of', 'IN'), ('an', 'DT'), ('artificial', 'JJ'), ('G', 'NNP'), ('(', '('), ('s', 'PRP'), (')', ')'), ('protein-coupled', 'JJ'), ('receptor', 'NN'), ('termed', 'VBD'), ('designer', 'NN'), ('receptors', 'NNS'), ('exclusively', 'RB'), ('activated', 'VBN'), ('by', 'IN'), ('designer', 'NN'), ('drugs', 'NNS'), ('(', '('), ('DREADD-Gs', 'NNP'), (')', ')')]",30045362,2018,Department of Physiology and Biophysics.,Journal of hypertension,Long-term stimulation of cardiac vagal preganglionic neurons reduces blood pressure in the spontaneously hypertensive rat., METHODS: Brainstem vagal preganglionic neurons residing in the dorsal vagal motor nucleus (DVMN) were targeted with a lentiviral vector to induce the expression of an artificial G(s) protein-coupled receptor termed designer receptors exclusively activated by designer drugs (DREADD-Gs),"expression, activated, DREADD-Gs",,,
"[('The', 'DT'), ('transduced', 'JJ'), ('neurons', 'NNS'), ('were', 'VBD'), ('activated', 'VBN'), ('daily', 'RB'), ('by', 'IN'), ('systemic', 'JJ'), ('administration', 'NN'), ('of', 'IN'), ('otherwise', 'RB'), ('inert', 'JJ'), ('ligand', 'NN'), ('clozapine-n-oxide', 'NN')]",30045362,2018,Department of Physiology and Biophysics.,Journal of hypertension,Long-term stimulation of cardiac vagal preganglionic neurons reduces blood pressure in the spontaneously hypertensive rat., The transduced neurons were activated daily by systemic administration of otherwise inert ligand clozapine-n-oxide,"neurons, activated, daily",,,
"[('Molecules', 'NNS'), ('near', 'IN'), ('the', 'DT'), ('membrane', 'NN'), ('can', 'MD'), ('enter', 'VB'), ('pores', 'NNS'), ('to', 'TO'), ('block', 'VB'), ('transport', 'NN'), ('of', 'IN'), ('tracer', 'NN'), ('molecules', 'NNS'), ('while', 'IN'), ('still', 'RB'), ('passing', 'VBG'), ('small', 'JJ'), ('ions', 'NNS'), ('(', '('), ('charge', 'NN'), ('number', 'NN'), ('+/-1', 'JJ'), (')', ')'), ('that', 'IN'), ('govern', 'JJ'), ('electrical', 'JJ'), ('behavior', 'NN')]",30017189,2018,Massachusetts Institute of Technology,Biochemical and biophysical research communications,Nanopore occlusion: A biophysical mechanism for bipolar cancellation in cell membranes., Molecules near the membrane can enter pores to block transport of tracer molecules while still passing small ions (charge number +/-1) that govern electrical behavior,"Molecules, block, transport",,,
"[('Factor', 'NNP'), ('XIII', 'NNP'), (',', ','), ('a', 'DT'), ('heterotetrameric', 'JJ'), ('proenzyme', 'NN'), (',', ','), ('is', 'VBZ'), ('converted', 'VBN'), ('to', 'TO'), ('an', 'DT'), ('activated', 'VBN'), ('transglutaminase', 'NN'), ('by', 'IN'), ('thrombin', 'NN'), ('and', 'CC'), ('calcium', 'NN'), ('in', 'IN'), ('the', 'DT'), ('final', 'JJ'), ('phases', 'NNS'), ('of', 'IN'), ('coagulation', 'NN')]",30087086,2018,The Ohio State University College of Medicine,Transfusion and apheresis science : official journal of the World Apheresis Association : official journal of the European Society for Haemapheresis,State of the art in factor XIII laboratory assessment.,"Factor XIII, a heterotetrameric proenzyme, is converted to an activated transglutaminase by thrombin and calcium in the final phases of coagulation","Factor, activated, transglutaminase","proenzyme, activated, transglutaminase",,
"[('Collectively', 'RB'), (',', ','), ('these', 'DT'), ('observations', 'NNS'), ('suggest', 'VBP'), ('a', 'DT'), ('plausible', 'JJ'), ('explanation', 'NN'), ('for', 'IN'), ('the', 'DT'), ('rarity', 'NN'), ('of', 'IN'), ('many', 'JJ'), ('types', 'NNS'), ('of', 'IN'), ('bNAbs', 'NN'), (':', ':'), ('namely', 'RB'), (',', ','), ('that', 'IN'), ('their', 'PRP$'), ('generation', 'NN'), ('is', 'VBZ'), ('blocked', 'VBN'), ('by', 'IN'), ('immunological', 'JJ'), ('tolerance', 'NN'), ('or', 'CC'), ('immune', 'JJ'), ('response', 'NN'), ('checkpoints', 'NNS'), (',', ','), ('thereby', 'RB'), ('mandating', 'VBG'), ('that', 'IN'), ('B', 'NNP'), ('cells', 'NNS'), ('take', 'VBP'), ('a', 'DT'), ('tortuous', 'JJ'), ('path', 'NN'), ('of', 'IN'), ('somatic', 'JJ'), ('evolution', 'NN'), ('over', 'IN'), ('several', 'JJ'), ('years', 'NNS'), ('to', 'TO'), ('achieve', 'VB'), ('broadly', 'RB'), ('neutralizing', 'JJ'), ('activity', 'NN')]",30055635,2018,Duke University,Retrovirology,Poly- and autoreactivity of HIV-1 bNAbs: implications for vaccine design.," Collectively, these observations suggest a plausible explanation for the rarity of many types of bNAbs: namely, that their generation is blocked by immunological tolerance or immune response checkpoints, thereby mandating that B cells take a tortuous path of somatic evolution over several years to achieve broadly neutralizing activity","generation, blocked, tolerance","generation, blocked, checkpoints",,
"[('Specifically', 'RB'), (',', ','), ('Lox', 'NNP'), ('inhibition', 'NN'), ('or', 'CC'), ('CHOP-10', 'JJ'), ('up-regulation', 'JJ'), ('activated', 'VBN'), ('Wnt/beta-catenin', 'JJ'), ('signalling', 'NN'), ('to', 'TO'), ('enhance', 'VB'), ('BMP4-induced', 'NNP'), ('osteogenesis', 'NN'), (',', ','), ('with', 'IN'), ('pro-adipogenic', 'JJ'), ('p38', 'NN'), ('MAPK', 'NNP'), ('and', 'CC'), ('Smad', 'NNP'), ('signalling', 'NN'), ('suppressed', 'VBD')]",30044535,2018,The Ministry of Education,Journal of cellular and molecular medicine,A Lox/CHOP-10 crosstalk governs osteogenic and adipogenic cell fate by MSCs.," Specifically, Lox inhibition or CHOP-10 up-regulation activated Wnt/beta-catenin signalling to enhance BMP4-induced osteogenesis, with pro-adipogenic p38 MAPK and Smad signalling suppressed","inhibition, activated, signalling","up-regulation, activated, signalling",,
"[('We', 'PRP'), ('report', 'VBP'), ('a', 'DT'), ('feasible', 'JJ'), ('strategy', 'NN'), ('via', 'IN'), ('hydrothermal', 'JJ'), ('crystallization', 'NN'), ('to', 'TO'), ('activate', 'VB'), ('Kagome', 'NNP'), ('lattice-structured', 'JJ'), ('Cu3V2O7', 'NNP'), ('(', '('), ('OH', 'NNP'), (')', ')'), ('2', 'CD')]",30027964,2018,University of Shanghai for Science and Technology,Physical chemistry chemical physics : PCCP,Activation of Kagome lattice-structured Cu3V2O7(OH)2.2H2O volborthite via hydrothermal crystallization for boosting visible light-driven water oxidation.,We report a feasible strategy via hydrothermal crystallization to activate Kagome lattice-structured Cu3V2O7(OH)2,"strategy,  activate, Cu3V2O7",,,
"[('Subsequently', 'RB'), ('we', 'PRP'), ('perform', 'VBP'), ('the', 'DT'), ('immunodetection', 'NN'), ('of', 'IN'), ('the', 'DT'), ('bacteria', 'NNS'), ('retained', 'VBN'), ('in', 'IN'), ('the', 'DT'), ('nitrocellulose', 'JJ'), ('(', '('), ('blocking', 'VBG'), (',', ','), ('antibody', 'NN'), ('incubation', 'NN'), (',', ','), ('washings', 'NNS'), ('and', 'CC'), ('developing', 'VBG'), (')', ')')]",30086926,2018,Fundacio Institut d'Investigacio Germans Trias i Pujol,Talanta,New system for the detection of Legionella pneumophila in water samples.," Subsequently we perform the immunodetection of the bacteria retained in the nitrocellulose (blocking, antibody incubation, washings and developing)","immunodectection, blocking, None",,,
"[('Consequently', 'RB'), (',', ','), ('infiltration', 'NN'), ('of', 'IN'), ('the', 'DT'), ('brainstem', 'NN'), ('parenchyma', 'NN'), ('from', 'IN'), ('the', 'DT'), ('adjacent', 'JJ'), ('meninges', 'NNS'), ('is', 'VBZ'), ('blocked', 'VBN'), ('during', 'IN'), ('cEAE', 'NN')]",30012158,2018,University of Michigan School of Medicine,Journal of neuroinflammation,An IFNgamma/CXCL2 regulatory pathway determines lesion localization during EAE.," Consequently, infiltration of the brainstem parenchyma from the adjacent meninges is blocked during cEAE","meninges, blocked, cEAE",,,
"[('Furthermore', 'RB'), (',', ','), ('MNX1', 'NNP'), ('overexpression', 'NN'), ('accelerated', 'VBD'), ('bladder', 'NN'), ('cancer', 'NN'), ('cell', 'NN'), ('proliferation', 'NN'), ('and', 'CC'), ('tumorigenicity', 'NN'), ('both', 'DT'), ('in', 'IN'), ('vitro', 'NN'), ('and', 'CC'), ('in', 'IN'), ('vivo', 'NN'), (',', ','), ('whereas', 'WP'), ('MNX1', 'NNP'), ('downregulation', 'NN'), ('arrested', 'VBD'), ('it', 'PRP')]",30012177,2018,The Third Affiliated Hospital of Southern Medical University,Journal of experimental & clinical cancer research : CR,Motor neuron and pancreas homeobox 1/HLXB9 promotes sustained proliferation in bladder cancer by upregulating CCNE1/2.," Furthermore, MNX1 overexpression accelerated bladder cancer cell proliferation and tumorigenicity both in vitro and in vivo, whereas MNX1 downregulation arrested it","overexpression, accelerated, proliferation","overexpression, accelerated, tumorigenicity",,
"[('In', 'IN'), ('addition', 'NN'), (',', ','), ('the', 'DT'), ('presence', 'NN'), ('of', 'IN'), ('pyrite', 'NN'), ('had', 'VBD'), ('significant', 'JJ'), ('effects', 'NNS'), ('on', 'IN'), ('planktonic', 'NN'), ('and', 'CC'), ('attached', 'VBN'), ('community', 'NN'), ('structures', 'NNS'), (',', ','), ('and', 'CC'), ('could', 'MD'), ('accelerate', 'VB'), ('planktonic', 'JJ'), ('community', 'NN'), ('succession', 'NN')]",30017363,2018,Third Institute of Oceanography,Bioresource technology,"Relationships between galvanic interaction, copper extraction and community dynamics during bioleaching of chalcopyrite by a moderately thermophilic culture."," In addition, the presence of pyrite had significant effects on planktonic and attached community structures, and could accelerate planktonic community succession","presence, accelerate, succession",,,
"[('In', 'IN'), ('conclusion', 'NN'), (',', ','), ('these', 'DT'), ('results', 'NNS'), ('suggested', 'VBD'), ('that', 'IN'), ('nuciferine', 'JJ'), ('activated', 'VBN'), ('PPAR-gamma', 'NNP'), (',', ','), ('which', 'WDT'), ('subsequently', 'RB'), ('inhibited', 'VBD'), ('LPS-induced', 'JJ'), ('inflammation', 'NN'), ('in', 'IN'), ('BV2', 'NNP'), ('cells', 'NNS')]",30056259,2018,Xi'an Jiaotong University School of Medicine,International immunopharmacology,Nuciferine inhibits LPS-induced inflammatory response in BV2 cells by activating PPAR-gamma.," In conclusion, these results suggested that nuciferine activated PPAR-gamma, which subsequently inhibited LPS-induced inflammation in BV2 cells","nuciferine, activated, PPAR-gamma","PPAR-gamma, inhibited, inflammation",,
"[('This', 'DT'), ('shrinking', 'NN'), ('of', 'IN'), ('the', 'DT'), ('nanotube', 'NN'), ('channels', 'NNS'), ('leads', 'VBZ'), ('to', 'TO'), ('a', 'DT'), ('propulsive', 'JJ'), ('release', 'NN'), ('of', 'IN'), ('the', 'DT'), ('dinucleotides', 'NNS'), ('into', 'IN'), ('the', 'DT'), ('bulk', 'NN'), ('solution', 'NN'), ('and', 'CC'), ('simultaneously', 'RB'), ('accelerates', 'VBZ'), ('formation', 'NN'), ('of', 'IN'), ('the', 'DT'), ('dinucleotide', 'NN'), ('duplexes', 'NN')]",30019846,2018,Nanomaterials Research Institute,"Small (Weinheim an der Bergstrasse, Germany)",Shrinkable Nanotubes for Duplex Formation of Short Nucleotides., This shrinking of the nanotube channels leads to a propulsive release of the dinucleotides into the bulk solution and simultaneously accelerates formation of the dinucleotide duplexes,"channels, accelerates, formation",,,
"[('Flow', 'NNP'), ('cytometry', 'NN'), ('analysis', 'NN'), ('revealed', 'VBD'), ('that', 'IN'), ('combined', 'JJ'), ('treatment', 'NN'), ('of', 'IN'), ('E2', 'NNP'), ('and', 'CC'), ('TEST', 'NNP'), ('blocked', 'VBD'), ('the', 'DT'), ('cell', 'NN'), ('cycle', 'NN'), ('in', 'IN'), ('the', 'DT'), ('G0/G1', 'NNP'), ('phase', 'NN'), ('as', 'RB'), ('well', 'RB'), ('as', 'IN'), ('induced', 'VBN'), ('cell', 'NN'), ('early', 'JJ'), ('apoptosis', 'NN'), (',', ','), ('characterized', 'VBN'), ('by', 'IN'), ('decreased', 'JJ'), ('cyclin-dependent', 'JJ'), ('kinase', 'NN'), ('transcription', 'NN'), ('and', 'CC'), ('the', 'DT'), ('ratio', 'NN'), ('of', 'IN'), ('Bcl-2/Bax', 'NNP')]",30058741,2018,Kunming University of Science and Technology,Journal of cellular biochemistry,17beta-Estradiol inhibits testosterone-induced cell proliferation in HepG2 by modulating the relative ratios of 3 estrogen receptor isoforms to the androgen receptor.," Flow cytometry analysis revealed that combined treatment of E2 and TEST blocked the cell cycle in the G0/G1 phase as well as induced cell early apoptosis, characterized by decreased cyclin-dependent kinase transcription and the ratio of Bcl-2/Bax","treatment, blocked, cycle","TEST, blocked, cycle",,
"[('Several', 'JJ'), ('lines', 'NNS'), ('of', 'IN'), ('evidence', 'NN'), ('suggest', 'VBP'), ('that', 'IN'), ('current', 'JJ'), ('therapies', 'NNS'), ('may', 'MD'), ('have', 'VB'), ('a', 'DT'), ('negative', 'JJ'), ('effect', 'NN'), ('by', 'IN'), ('activating', 'VBG'), ('a', 'DT'), ('program', 'NN'), ('that', 'WDT'), ('drives', 'VBZ'), ('tumor', 'NN'), ('cells', 'NNS'), ('toward', 'IN'), ('stemness', 'NN'), ('and', 'CC'), ('metastasis', 'NN')]",30053879,2018,Venerology and Allergology,Molecular cancer,Deciphering mechanisms of brain metastasis in melanoma - the gist of the matter., Several lines of evidence suggest that current therapies may have a negative effect by activating a program that drives tumor cells toward stemness and metastasis,"effect, activating, program",,,
"[('We', 'PRP'), ('herein', 'VBP'), ('demonstrated', 'VBN'), ('for', 'IN'), ('the', 'DT'), ('first', 'JJ'), ('time', 'NN'), ('that', 'IN'), ('adonixanthin', 'RB'), ('exerted', 'VBN'), ('protective', 'JJ'), ('effects', 'NNS'), ('against', 'IN'), ('hemorrhagic', 'JJ'), ('brain', 'NN'), ('damage', 'NN'), ('by', 'IN'), ('activating', 'VBG'), ('antioxidant', 'JJ'), ('defenses', 'NNS'), (',', ','), ('and', 'CC'), ('has', 'VBZ'), ('potential', 'VBN'), ('as', 'IN'), ('a', 'DT'), ('protectant', 'NN'), ('against', 'IN'), ('intracerebral', 'JJ'), ('hemorrhage', 'NN')]",30092231,2018,Gifu Pharmaceutical University,Brain research,"Protective effects of the astaxanthin derivative, adonixanthin, on brain hemorrhagic injury."," We herein demonstrated for the first time that adonixanthin exerted protective effects against hemorrhagic brain damage by activating antioxidant defenses, and has potential as a protectant against intracerebral hemorrhage","effects, activating, defenses",,,
"[('AKT', 'NNP'), ('is', 'VBZ'), ('one', 'CD'), ('major', 'JJ'), ('pathway', 'RB'), ('activated', 'VBN'), ('by', 'IN'), ('reactive', 'JJ'), ('oxygen', 'NN'), ('species', 'NNS'), ('(', '('), ('ROS', 'NNP'), (')', ')'), ('that', 'WDT'), ('maintains', 'VBZ'), ('ULM', 'NNP'), ('growth', 'NN'), ('and', 'CC'), ('survival', 'NN')]",30097674,2018,Northwestern University Feinberg School of Medicine,"Journal of molecular medicine (Berlin, Germany)",Oxidative stress-induced miRNAs modulate AKT signaling and promote cellular senescence in uterine leiomyoma., AKT is one major pathway activated by reactive oxygen species (ROS) that maintains ULM growth and survival,"pathway, activated, ROS",,,
"[('Epithelial', 'JJ'), ('cells', 'NNS'), ('express', 'VBP'), ('a', 'DT'), ('large', 'JJ'), ('panel', 'NN'), ('of', 'IN'), ('inflammasome', 'JJ'), ('components', 'NNS'), (',', ','), ('and', 'CC'), ('although', 'IN'), ('the', 'DT'), ('molecular', 'JJ'), ('mechanisms', 'NNS'), ('underlying', 'VBG'), ('the', 'DT'), ('activation', 'NN'), ('of', 'IN'), ('these', 'DT'), ('complexes', 'NNS'), ('in', 'IN'), ('haematopoietic', 'JJ'), ('cells', 'NNS'), ('are', 'VBP'), ('well', 'RB'), ('understood', 'RB'), (',', ','), ('how', 'WRB'), ('epithelial', 'JJ'), ('cells', 'NNS'), ('react', 'VBP'), ('to', 'TO'), ('danger', 'VB'), ('signals', 'NNS'), ('to', 'TO'), ('activate', 'VB'), ('the', 'DT'), ('inflammasome', 'NN'), ('remains', 'VBZ'), ('unclear', 'JJ')]",30098204,2018,Claude Bernard Lyon 1 University,Immunology,"The inflammasomes, immune guardians at defence barriers."," Epithelial cells express a large panel of inflammasome components, and although the molecular mechanisms underlying the activation of these complexes in haematopoietic cells are well understood, how epithelial cells react to danger signals to activate the inflammasome remains unclear","signals, activate, inflammasome",,,
"[('Comparison', 'NNP'), ('of', 'IN'), ('mRNA', 'NN'), ('and', 'CC'), ('protein', 'NN'), ('levels', 'NNS'), ('revealed', 'VBD'), ('that', 'IN'), ('eIF4G1', 'NN'), ('or', 'CC'), ('RACK1', 'NNP'), ('depletion', 'NN'), ('blocked', 'VBD'), ('phorbol', 'JJ'), ('ester-induced', 'JJ'), ('Cox-2', 'NNP'), ('or', 'CC'), ('p21', 'NN'), ('(', '('), ('Cip1', 'NNP'), (')', ')'), ('expression', 'NN'), ('mostly', 'RB'), ('at', 'IN'), ('the', 'DT'), ('translational', 'JJ'), ('level', 'NN'), (',', ','), ('whereas', 'JJ'), ('PKCbeta', 'NNP'), ('inhibition', 'NN'), ('reduced', 'VBD'), ('them', 'PRP'), ('both', 'DT'), ('at', 'IN'), ('the', 'DT'), ('translational', 'JJ'), ('and', 'CC'), ('transcript', 'NN'), ('levels', 'NNS')]",30012863,2018,Duke University Medical Center,Molecular and cellular biology,Ribosomal RACK1:Protein Kinase C betaII Phosphorylates Eukaryotic Initiation Factor 4G1 at S1093 To Modulate Cap-Dependent and -Independent Translation Initiation.," Comparison of mRNA and protein levels revealed that eIF4G1 or RACK1 depletion blocked phorbol ester-induced Cox-2 or p21(Cip1) expression mostly at the translational level, whereas PKCbeta inhibition reduced them both at the translational and transcript levels","depletion, blocked, expression",,,
"[('These', 'DT'), ('results', 'NNS'), ('suggest', 'VBP'), ('that', 'IN'), ('CyP', 'NNP'), ('may', 'MD'), ('modulate', 'VB'), ('the', 'DT'), ('pro-inflammatory', 'JJ'), ('response', 'NN'), ('induced', 'VBN'), ('by', 'IN'), ('Pg-LPS', 'NNP'), (',', ','), ('not', 'RB'), ('only', 'RB'), ('by', 'IN'), ('blocking', 'VBG'), ('TLR4-MD2', 'NNP'), ('complex', 'NN'), (',', ','), ('but', 'CC'), ('also', 'RB'), ('by', 'IN'), ('preserving', 'VBG'), ('miR-146a', 'JJ'), ('expression', 'NN')]",30012943,2018,Dipartimento di Medicina e Chirurgia,Toxins,The Effect of Cyanobacterial LPS Antagonist (CyP) on Cytokines and Micro-RNA Expression Induced by Porphyromonas gingivalis LPS.," These results suggest that CyP may modulate the pro-inflammatory response induced by Pg-LPS, not only by blocking TLR4-MD2 complex, but also by preserving miR-146a expression","CyP, blocking, complex",,,
"[('Furthermore', 'RB'), (',', ','), ('we', 'PRP'), ('found', 'VBD'), ('that', 'IN'), ('the', 'DT'), ('cocaine-induced', 'JJ'), ('potentiation', 'NN'), ('of', 'IN'), ('AMPAR', 'NNP'), ('EPSCs', 'NNP'), ('could', 'MD'), ('be', 'VB'), ('blocked', 'VBN'), ('by', 'IN'), ('prazosin', 'NN'), (',', ','), ('an', 'DT'), ('inhibitor', 'NN'), ('of', 'IN'), ('alpha1-adrenoreceptor', 'NN'), ('(', '('), ('AR', 'NNP'), (')', ')'), (',', ','), ('indicating', 'VBG'), ('that', 'IN'), ('cocaine', 'NN'), ('increases', 'NNS'), ('AMPAR', 'NNP'), ('transmission', 'NN'), ('via', 'IN'), ('alpha1-ARs', 'NN')]",29029785,2017,Peking University,Cell calcium,A single dose of cocaine potentiates glutamatergic synaptic transmission onto locus coeruleus neurons.," Furthermore, we found that the cocaine-induced potentiation of AMPAR EPSCs could be blocked by prazosin, an inhibitor of alpha1-adrenoreceptor (AR), indicating that cocaine increases AMPAR transmission via alpha1-ARs","potentiation, blocked, prazosin","potentiation, blocked, inhibitor",,
"[('We', 'PRP'), ('recently', 'RB'), ('suggested', 'VBD'), ('that', 'IN'), ('increased', 'VBD'), ('[', 'NNP'), ('Ca', 'NNP'), ('(', '('), ('2+', 'CD'), (')', ')'), (']', 'NN'), ('o', 'NN'), ('caused', 'VBN'), ('by', 'IN'), ('bone', 'NN'), ('resorption', 'NN'), ('might', 'MD'), ('accelerate', 'VB'), ('adipocyte', 'JJ'), ('accumulation', 'NN'), ('in', 'IN'), ('response', 'NN'), ('to', 'TO'), ('treatment', 'NN'), ('with', 'IN'), ('both', 'DT'), ('insulin', 'NN'), ('and', 'CC'), ('dexamethasone', 'NN')]",29029793,2017,Juntendo University Faculty of Medicine,Cell calcium,High extracellular Ca(2+) enhances the adipocyte accumulation of bone marrow stromal cells through a decrease in cAMP., We recently suggested that increased [Ca(2+)]o caused by bone resorption might accelerate adipocyte accumulation in response to treatment with both insulin and dexamethasone,"resorption, accelerate, accumulation",,,
"[('These', 'DT'), ('data', 'NNS'), ('suggest', 'VBP'), ('that', 'IN'), ('increased', 'VBD'), ('[', 'NNP'), ('Ca', 'NNP'), ('(', '('), ('2+', 'CD'), (')', ')'), (']', 'NN'), ('o', 'NN'), ('caused', 'VBN'), ('by', 'IN'), ('bone', 'NN'), ('resorption', 'NN'), ('might', 'MD'), ('accelerate', 'VB'), ('adipocyte', 'JJ'), ('accumulation', 'NN'), ('through', 'IN'), ('CaSR', 'NNP'), ('following', 'VBG'), ('a', 'DT'), ('decrease', 'NN'), ('in', 'IN'), ('cAMP', 'NN')]",29029793,2017,Juntendo University Faculty of Medicine,Cell calcium,High extracellular Ca(2+) enhances the adipocyte accumulation of bone marrow stromal cells through a decrease in cAMP., These data suggest that increased [Ca(2+)]o caused by bone resorption might accelerate adipocyte accumulation through CaSR following a decrease in cAMP,"resorption, accelerate, accumulation",,,
"[('Importance', 'NN'), (':', ':'), ('Ischemic', 'NNP'), ('strokes', 'NNS'), ('may', 'MD'), ('accelerate', 'VB'), ('long-term', 'JJ'), ('functional', 'JJ'), ('decline', 'NN'), ('apart', 'RB'), ('from', 'IN'), ('their', 'PRP$'), ('acute', 'JJ'), ('effects', 'NNS'), ('on', 'IN'), ('neurologic', 'JJ'), ('function', 'NN')]",29059266,2017,Icahn School of Medicine at Mount Sinai,JAMA neurology,Disability Trajectories Before and After Stroke and Myocardial Infarction: The Cardiovascular Health Study.,Importance: Ischemic strokes may accelerate long-term functional decline apart from their acute effects on neurologic function,"strokes, accelerate, decline",,,
"[('Thus', 'RB'), (',', ','), ('in', 'IN'), ('addition', 'NN'), ('to', 'TO'), ('the', 'DT'), ('acute', 'NN'), ('brain', 'NN'), ('injury', 'NN'), ('and', 'CC'), ('consequent', 'JJ'), ('impairment', 'NN'), (',', ','), ('ischemic', 'JJ'), ('stroke', 'NN'), ('may', 'MD'), ('also', 'RB'), ('be', 'VB'), ('associated', 'VBN'), ('with', 'IN'), ('potentially', 'RB'), ('treatable', 'JJ'), ('long-term', 'JJ'), ('adverse', 'JJ'), ('effects', 'NNS'), ('on', 'IN'), ('the', 'DT'), ('brain', 'NN'), ('that', 'WDT'), ('lead', 'VBP'), ('to', 'TO'), ('accelerated', 'VBN'), ('functional', 'JJ'), ('decline', 'NN')]",29059266,2017,Icahn School of Medicine at Mount Sinai,JAMA neurology,Disability Trajectories Before and After Stroke and Myocardial Infarction: The Cardiovascular Health Study.," Thus, in addition to the acute brain injury and consequent impairment, ischemic stroke may also be associated with potentially treatable long-term adverse effects on the brain that lead to accelerated functional decline","brain, accelerated, decline",,,
"[('Secondary', 'JJ'), ('grain', 'NN'), ('growth', 'NN'), ('is', 'VBZ'), ('thermally', 'RB'), ('activated', 'VBN'), ('with', 'IN'), ('an', 'DT'), ('activation', 'NN'), ('energy', 'NN'), ('of', 'IN'), ('Ea', 'NNP'), ('=', 'NNP'), ('0', 'CD')]",29039197,2017,Helmholtz-Zentrum Berlin fur Materialien und Energie GmbH ,ACS applied materials & interfaces,Influence of the Grain Size on the Properties of CH3NH3PbI3 Thin Films., Secondary grain growth is thermally activated with an activation energy of Ea = 0,"growth, activated, None",,,
"[('Instead', 'RB'), (',', ','), ('EpSCs', 'NNP'), ('maintain', 'VBP'), ('chromosomal', 'JJ'), ('accessibility', 'NN'), ('at', 'IN'), ('key', 'JJ'), ('stress', 'NN'), ('response', 'NN'), ('genes', 'NNS'), ('that', 'WDT'), ('are', 'VBP'), ('activated', 'VBN'), ('by', 'IN'), ('the', 'DT'), ('primary', 'JJ'), ('stimulus', 'NN')]",29045388,2017,The Rockefeller University,Nature,Inflammatory memory sensitizes skin epithelial stem cells to tissue damage.," Instead, EpSCs maintain chromosomal accessibility at key stress response genes that are activated by the primary stimulus","genes, activated, stimulus",,,
"[('Three', 'CD'), ('drugs', 'NNS'), (',', ','), ('selumetinib', 'NN'), ('(', '('), ('a', 'DT'), ('MEK', 'NNP'), ('inhibitor', 'NN'), (')', ')'), (',', ','), ('picropodophyllin', 'NN'), ('(', '('), ('an', 'DT'), ('IGF-1R', 'NNP'), ('inhibitor', 'NN'), (')', ')'), ('and', 'CC'), ('LDN-193189', 'NNP'), ('(', '('), ('a', 'DT'), ('BMP2', 'NNP'), ('inhibitor', 'NN'), (')', ')'), ('were', 'VBD'), ('tested', 'VBN'), ('with', 'IN'), ('dose-response', 'JJ'), ('design', 'NN'), ('in', 'IN'), ('both', 'DT'), ('2D', 'CD'), ('and', 'CC'), ('3D', 'CD'), ('cultures', 'NNS'), ('for', 'IN'), ('their', 'PRP$'), ('abilities', 'NNS'), ('to', 'TO'), ('block', 'VB'), ('net', 'NN'), ('cell', 'NN'), ('growth', 'NN')]",29055717,2018,Wayne State University School of Medicine,Experimental neurology,Development of 3D culture models of plexiform neurofibroma and initial application for phenotypic characterization and drug screening.," Three drugs, selumetinib (a MEK inhibitor), picropodophyllin (an IGF-1R inhibitor) and LDN-193189 (a BMP2 inhibitor) were tested with dose-response design in both 2D and 3D cultures for their abilities to block net cell growth","abilities, block, growth",,,
"[('However', 'RB'), (',', ','), ('at', 'IN'), ('a', 'DT'), ('later', 'JJ'), ('stage', 'NN'), ('iPA', 'NN'), ('blocks', 'VBZ'), ('the', 'DT'), ('autophagic', 'JJ'), ('flux', 'NN'), ('monitored', 'VBN'), ('by', 'IN'), ('p62', 'JJ'), ('accumulation', 'NN'), (',', ','), ('Luciferase', 'NNP'), ('reporter-based', 'JJ'), ('assay', 'NN'), ('for', 'IN'), ('LC3', 'NNP'), ('turnover', 'NN'), ('in', 'IN'), ('living', 'NN'), ('cells', 'NNS'), ('and', 'CC'), ('fluorescence', 'NN'), ('of', 'IN'), ('a', 'DT'), ('tandem', 'JJ'), ('RFP-GFP-LC3', 'JJ'), ('construct', 'NN')]",29027991,2018,University of Salerno,Cell death and differentiation,N6-isopentenyladenosine dual targeting of AMPK and Rab7 prenylation inhibits melanoma growth through the impairment of autophagic flux.," However, at a later stage iPA blocks the autophagic flux monitored by p62 accumulation, Luciferase reporter-based assay for LC3 turnover in living cells and fluorescence of a tandem RFP-GFP-LC3 construct","iPA, blocks, flux",,,
"[('Since', 'IN'), ('blocking', 'VBG'), ('bursting', 'VBG'), ('becomes', 'VBZ'), ('a', 'DT'), ('goal', 'NN'), ('to', 'TO'), ('prevent', 'VB'), ('cell', 'NN'), ('damage', 'NN'), (',', ','), ('the', 'DT'), ('present', 'JJ'), ('report', 'NN'), ('enquired', 'VBD'), ('whether', 'IN'), ('boosting', 'VBG'), ('GABAergic', 'NNP'), ('inhibition', 'NN'), ('could', 'MD'), ('fulfill', 'VB'), ('this', 'DT'), ('aim', 'NN'), ('and', 'CC'), ('confer', 'VBP'), ('beneficial', 'JJ'), ('outcome', 'NN')]",29069620,2017,International School for Advanced Studies (SISSA),Neuroscience,Propofol Protects Rat Hypoglossal Motoneurons in an In Vitro Model of Excitotoxicity by Boosting GABAergic Inhibition and Reducing Oxidative Stress.," Since blocking bursting becomes a goal to prevent cell damage, the present report enquired whether boosting GABAergic inhibition could fulfill this aim and confer beneficial outcome","None, blocking, goal",,,
"[('The', 'DT'), ('practical', 'JJ'), ('implications', 'NNS'), ('of', 'IN'), ('this', 'DT'), ('work', 'NN'), ('could', 'MD'), ('be', 'VB'), ('important', 'JJ'), ('in', 'IN'), ('ewes', 'NN'), ('adapted', 'VBN'), ('for', 'IN'), ('intensive', 'JJ'), ('production', 'NN'), ('and', 'CC'), ('accelerated', 'VBD'), ('lambing', 'VBG'), ('systems', 'NNS')]",29056663,2017,Departamento de Produccion Animal y Ciencia de los Alimentos,Veterinary sciences,"Exposure to Photoperiod-Melatonin-Induced, Sexually-Activated Rams after Weaning Advances the Resumption of Sexual Activity in Post-Partum Mediterranean Ewes Lambing in January.", The practical implications of this work could be important in ewes adapted for intensive production and accelerated lambing systems,"implications, accelerated, systems",,,
"[('Interestingly', 'RB'), (',', ','), ('the', 'DT'), ('metal', 'NN'), ('ions', 'NNS'), ('promoted', 'VBD'), ('DNA', 'NNP'), ('double-strand', 'NN'), ('breaks', 'NNS'), ('but', 'CC'), ('did', 'VBD'), ('not', 'RB'), ('induce', 'VB'), ('SOS', 'NNP'), ('repair', 'NN'), ('pathways', 'NNS'), (',', ','), ('indicating', 'VBG'), ('that', 'IN'), ('the', 'DT'), ('metal', 'NN'), ('ions', 'NNS'), ('could', 'MD'), ('block', 'VB'), ('SOS', 'NNP'), ('induction', 'NN')]",29058747,2017,Sector 39-A,Metallomics : integrated biometal science,Cobalt and nickel impair DNA metabolism by the oxidative stress independent pathway.," Interestingly, the metal ions promoted DNA double-strand breaks but did not induce SOS repair pathways, indicating that the metal ions could block SOS induction","ions, block, induction",,,
"[('Chemically', 'RB'), ('blocking', 'VBG'), ('the', 'DT'), ('above', 'JJ'), ('pathway', 'NN'), ('significantly', 'RB'), ('inhibited', 'VBN'), ('CNV', 'NNP'), ('formation', 'NN'), (',', ','), ('providing', 'VBG'), ('a', 'DT'), ('new', 'JJ'), ('strategy', 'NN'), ('for', 'IN'), ('clinical', 'JJ'), ('prevention', 'NN'), ('and', 'CC'), ('treatment', 'NN'), ('of', 'IN'), ('CNV', 'NNP'), ('in', 'IN'), ('related', 'JJ'), ('diseases', 'NNS')]",29097668,2017,Fourth Military Medical University,Scientific reports,Advanced glycation end products promote VEGF expression and thus choroidal neovascularization via Cyr61-PI3K/AKT signaling pathway.," Chemically blocking the above pathway significantly inhibited CNV formation, providing a new strategy for clinical prevention and treatment of CNV in related diseases","None, blocking, pathway","pathway, inhibited, formation",,
"[('Ultimately', 'RB'), (',', ','), ('D', 'NNP'), ('antigen', 'NN'), ('blocked', 'VBN'), ('by', 'IN'), ('high-titer', 'JJ'), ('maternal', 'JJ'), ('anti-D', 'NN'), ('antibody', 'NN'), ('was', 'VBD'), ('confirmed', 'VBN')]",29053863,2017,West China Second University Hospital,Laboratory medicine,A Case of a Newborn With Blocked RhD Antigen and HDFN.," Ultimately, D antigen blocked by high-titer maternal anti-D antibody was confirmed","antigen, blocked, antibody",,,
"[('Pretreatment', 'NN'), ('of', 'IN'), ('blood', 'NN'), ('cells', 'NNS'), ('with', 'IN'), ('lactadherin', 'NN'), ('at', 'IN'), ('their', 'PRP$'), ('peak', 'JJ'), ('time', 'NN'), ('point', 'NN'), ('after', 'IN'), ('CAS', 'NNP'), ('blocked', 'VBD'), ('PS', 'NNP'), (',', ','), ('resulting', 'VBG'), ('in', 'IN'), ('prolonged', 'JJ'), ('coagulation', 'NN'), ('times', 'NNS'), (',', ','), ('decreased', 'VBD'), ('procoagulant', 'JJ'), ('enzyme', 'JJ'), ('activation', 'NN'), (',', ','), ('and', 'CC'), ('fibrin', 'JJ'), ('production', 'NN')]",28009236,2017,Departments of 1 Hematology.,Journal of neurosurgery,Increased blood cell phosphatidylserine exposure and circulating microparticles contribute to procoagulant activity after carotid artery stenting.," Pretreatment of blood cells with lactadherin at their peak time point after CAS blocked PS, resulting in prolonged coagulation times, decreased procoagulant enzyme activation, and fibrin production","CAS, blocked, PS",,,
"[('AG490', 'NNP'), ('was', 'VBD'), ('used', 'VBN'), ('to', 'TO'), ('block', 'VB'), ('the', 'DT'), ('STAT3', 'NNP'), ('signaling', 'VBG'), ('pathway', 'NN')]",28039203,2017,University of Essen,American journal of physiology. Heart and circulatory physiology,lschemic preconditioning in pigs: a causal role for signal transducer and activator of transcription 3., AG490 was used to block the STAT3 signaling pathway,"AG490, block, STAT3",,,
"[('Thrombus', 'NNP'), ('dissolution', 'NN'), ('was', 'VBD'), ('markedly', 'RB'), ('accelerated', 'VBN'), ('in', 'IN'), ('mice', 'NN'), ('with', 'IN'), ('normal', 'JJ'), ('alpha2-antiplasmin', 'JJ'), ('levels', 'NNS'), ('treated', 'VBN'), ('with', 'IN'), ('an', 'DT'), ('alpha2-antiplasmin-inactivating', 'JJ'), ('antibody', 'NN'), ('(', '('), ('P', 'NNP'), ('<', 'VBZ'), ('0', 'CD')]",28028005,2017,University of Tennessee Health Science Center,Circulation,Releasing the Brakes on the Fibrinolytic System in Pulmonary Emboli: Unique Effects of Plasminogen Activation and alpha2-Antiplasmin Inactivation., Thrombus dissolution was markedly accelerated in mice with normal alpha2-antiplasmin levels treated with an alpha2-antiplasmin-inactivating antibody (P<0,"dissolution, accelerated, antibody",,,
